speed,enemy_diameter_bin,deaths,median_gap,p10_gap,p90_gap,min_gap,max_gap,own_diameter_min,own_diameter_max,parallel_same_target_n,parallel_same_target_median,timing_uncertain_n,stable_alive_levels,stable_alive_games,stable_alive_min
cruise,<40,38,-7.324871884869868,-15.507158871968638,-0.17594940378593127,-19.530987022836122,4.853110034063818,29.0,42.13207547169811,0,,0,0,0,
cruise,40–60,26,-5.8516749389787845,-10.262725704650014,-0.12411793820814232,-12.492870295992617,3.1323469264596646,29.0,36.38679245283019,0,,0,3,3,15.926265249625011
cruise,60–80,19,-6.101679535163278,-10.896579305568304,-1.8293259440883207,-16.36506825113303,2.2718913362578235,29.547169811320753,47.60377358490565,3,-10.518914739995484,0,21,10,12.209227569215106
cruise,80–100,18,-10.530576068871653,-14.729179687159135,0.13947732672721194,-16.551332553741,3.9010615138963516,29.273584905660382,43.22641509433962,2,-12.662531412360302,0,52,18,12.401014760298473
cruise,≥100,5,-7.357012319352741,-12.333844045182941,-3.032524814704443,-13.78426659309968,-2.2813820950596053,29.820754716981135,31.735849056603772,2,-10.57063945622621,0,27,7,5.551354356903715
boost,<40,0,,,,,,,,0,,0,0,0,
boost,40–60,0,,,,,,,,0,,0,0,0,
boost,60–80,0,,,,,,,,0,,0,0,0,
boost,80–100,0,,,,,,,,0,,0,0,0,
boost,≥100,0,,,,,,,,0,,0,0,0,
