run,game,build,enemy_id,enemy_r,own_r,distance,gap,angle_deg,enemy_diameter,own_diameter,speed,speed_class,frame_t,end_seconds,end_window_s,frame_interval_s,trace_t,target_id,same_target,target_gap,actual_phase,head_distance,earlier_half_second_min_gap,time_close,raw_record,raw_box,raw_log,parallel_target_time_close
t3_20261002_094249,1,1002-11dad5e1,295,17.1,14.636792452830191,23.323583766810923,-8.413208686019269,38.47661456421977,34.2,29.273584905660382,5.79,cruise,9.993,10,0.006999999999999673,0.04100000000000037,9.993,88,False,199.09283858282882,align,96.75291897713456,-4.120831483937282,True,runs/t3_20261002_094249/slp_01.json,runs/t3_20261002_094249/slp_01_box.json.gz,runs/t3_20261002_094249/slp_01_log.json.gz,False
t3_20261002_094249,2,1002-11dad5e1,401,54.6,15.320754716981131,56.136488123881456,-13.78426659309968,1.8243337184506212,109.2,30.641509433962263,5.777777777777778,cruise,44.363,44.4,0.036999999999999034,0.03399999999999892,44.363,401,True,-13.78426659309968,align,604.394422453647,-13.38926078526466,True,runs/t3_20261002_094249/slp_02.json,runs/t3_20261002_094249/slp_02_box.json.gz,runs/t3_20261002_094249/slp_02_log.json.gz,True
t3_20261002_094249,3,1002-11dad5e1,89,15.2,15.457547169811322,28.718856599705763,-1.9386905701055586,72.56938153002054,30.4,30.915094339622645,5.79,cruise,32.702,32.7,-0.001999999999995339,0.031999999999996476,32.702,,False,,seek,31.57182703855843,3.8227281300455864,True,runs/t3_20261002_094249/slp_03.json,runs/t3_20261002_094249/slp_03_box.json.gz,runs/t3_20261002_094249/slp_03_log.json.gz,False
t3_20261002_094739,1,1002-11dad5e1,202,20,14.636792452830191,28.8170606153984,-5.819731837431791,28.806200834540643,40,29.273584905660382,5.777777777777778,cruise,12.964,13,0.03599999999999959,0.03300000000000125,12.964,505,False,770.4583418874538,align,119.00148119969685,-3.1974307677827483,True,runs/t3_20261002_094739/slp_01.json,runs/t3_20261002_094739/slp_01_box.json.gz,runs/t3_20261002_094739/slp_01_log.json.gz,False
t3_20261002_094739,2,1002-11dad5e1,9,22.8,14.5,35.14038654360625,-2.1596134563937532,51.07124726290212,45.6,29.0,5.79,cruise,5.41,5.4,-0.009999999999999787,0.03399999999999981,5.41,,False,,seek,47.93955716904278,3.2925921011115555,True,runs/t3_20261002_094739/slp_02.json,runs/t3_20261002_094739/slp_02_box.json.gz,runs/t3_20261002_094739/slp_02_log.json.gz,False
t3_20261002_094739,3,1002-11dad5e1,72,22.2,16.82547169811321,40.738823113159356,1.713351415046148,79.5685124905265,44.4,33.65094339622642,5.79,cruise,144.047,144.1,0.05299999999999727,0.03200000000001069,144.047,21,False,968.3309949775246,align,42.548316766721,7.595515923995116,True,runs/t3_20261002_094739/slp_03.json,runs/t3_20261002_094739/slp_03_box.json.gz,runs/t3_20261002_094739/slp_03_log.json.gz,False
t3_20261002_095256,1,1002-11dad5e1,128,17.2,15.047169811320755,26.962335434660414,-5.28483437666034,62.32235440255577,34.4,30.09433962264151,5.79,cruise,19.886,19.9,0.013999999999999346,0.022999999999999687,19.886,488,False,1345.9487453163645,align,342.42149824420454,-0.17432044858061957,True,runs/t3_20261002_095256/slp_01.json,runs/t3_20261002_095256/slp_01_box.json.gz,runs/t3_20261002_095256/slp_01_log.json.gz,False
t3_20261002_095256,2,1002-11dad5e1,366,16.1,15.047169811320755,32.538522770604565,1.3913529592838074,78.72819631596592,32.2,30.09433962264151,5.79,cruise,26.896,26.9,0.003999999999997783,0.03300000000000125,26.896,235,False,1171.822495329463,align,54.857053557908436,6.932191932158595,True,runs/t3_20261002_095256/slp_02.json,runs/t3_20261002_095256/slp_02_box.json.gz,runs/t3_20261002_095256/slp_02_log.json.gz,False
t3_20261002_095256,3,1002-11dad5e1,347,40.5,17.64622641509434,52.89627690994253,-5.249949505151811,44.89737951858759,81.0,35.29245283018868,5.833333333333333,cruise,131.473,131.5,0.026999999999986812,0.03100000000000591,131.473,134,False,247.24159144769678,align,268.7293186161961,1.3835055953097282,True,runs/t3_20261002_095256/slp_03.json,runs/t3_20261002_095256/slp_03_box.json.gz,runs/t3_20261002_095256/slp_03_log.json.gz,False
t3_20261002_095256,4,1002-11dad5e1,96,56.4,15.047169811320755,64.09015749196801,-7.357012319352741,2.0933438834566602,112.8,30.09433962264151,5.777777777777778,cruise,103.711,103.8,0.08899999999999864,0.027999999999991587,103.711,96,True,-7.357012319352741,follow,53.93986961335499,-7.026518117628349,True,runs/t3_20261002_095256/slp_04.json,runs/t3_20261002_095256/slp_04_box.json.gz,runs/t3_20261002_095256/slp_04_log.json.gz,True
t3_20261002_095256,5,1002-11dad5e1,155,28.2,14.636792452830191,41.047902132037265,-1.7888903207929268,76.71054238874099,56.4,29.273584905660382,5.777777777777778,cruise,13.178,13.2,0.021999999999998465,0.04100000000000037,13.178,435,False,735.2038657908154,align,257.0959846878022,4.077122164779087,True,runs/t3_20261002_095256/slp_05.json,runs/t3_20261002_095256/slp_05_box.json.gz,runs/t3_20261002_095256/slp_05_log.json.gz,False
t3_20261002_095256,6,1002-11dad5e1,436,49.8,17.235849056603772,54.05104080362934,-12.984808252974432,16.471950603728132,99.6,34.471698113207545,5.833333333333333,cruise,139.907,139.9,-0.007000000000005002,0.049000000000006594,139.907,436,True,-12.984808252974432,align,404.79244783339186,-10.909258351871202,True,runs/t3_20261002_095256/slp_06.json,runs/t3_20261002_095256/slp_06_box.json.gz,runs/t3_20261002_095256/slp_06_log.json.gz,False
t3_20261002_100238,1,1002-11dad5e1,76,18.7,16.82547169811321,31.915142361714327,-3.6103293363988804,62.6836666692585,37.4,33.65094339622642,5.833333333333333,cruise,65.135,65.2,0.06499999999999773,0.03900000000000148,65.135,,False,,seek,34.88824605465994,-0.17922822498105972,True,runs/t3_20261002_100238/slp_01.json,runs/t3_20261002_100238/slp_01_box.json.gz,runs/t3_20261002_100238/slp_01_log.json.gz,False
t3_20261002_100238,2,1002-11dad5e1,436,40.5,15.047169811320755,41.53225906669411,-14.014910744626647,7.13253216087058,81.0,30.09433962264151,5.777777777777778,cruise,50.626,50.7,0.07400000000000517,0.01999999999999602,50.626,436,True,-14.014910744626647,align,399.6281748915548,-13.301997298493397,True,runs/t3_20261002_100238/slp_02.json,runs/t3_20261002_100238/slp_02_box.json.gz,runs/t3_20261002_100238/slp_02_log.json.gz,True
t3_20261002_100238,3,1002-11dad5e1,433,46.8,20.5188679245283,50.7675353707873,-16.551332553741,10.631446267051981,93.6,41.0377358490566,5.833333333333333,cruise,137.115,137.1,-0.01500000000001478,0.049000000000006594,137.115,96,False,-4.975429120413615,follow,562.4843283631368,-14.644222234528705,True,runs/t3_20261002_100238/slp_03.json,runs/t3_20261002_100238/slp_03_box.json.gz,runs/t3_20261002_100238/slp_03_log.json.gz,False
t3_20261002_100238,4,1002-11dad5e1,239,29.8,15.457547169811322,35.22985340914316,-10.02769376066816,16.198290678171112,59.6,30.915094339622645,5.777777777777778,cruise,43.908,44,0.09199999999999875,0.04299999999999926,43.908,419,False,308.0079873598493,align,351.2960590524343,-8.612022734096794,True,runs/t3_20261002_100238/slp_04.json,runs/t3_20261002_100238/slp_04_box.json.gz,runs/t3_20261002_100238/slp_04_log.json.gz,False
t3_20261002_101048,1,1002-11dad5e1,331,19.7,14.636792452830191,28.51506236606677,-5.821730086763422,88.22859963724564,39.4,29.273584905660382,5.79,cruise,12.747,12.8,0.053000000000000824,0.032999999999999474,12.747,1,False,720.8262193872438,align,273.2999456016715,0.10512025156220872,True,runs/t3_20261002_101048/slp_01.json,runs/t3_20261002_101048/slp_01_box.json.gz,runs/t3_20261002_101048/slp_01_log.json.gz,False
t3_20261002_101048,2,1002-11dad5e1,50,20.8,14.773584905660377,25.92712115834451,-9.646463747315869,14.669655978517378,41.6,29.547169811320753,5.79,cruise,19.598,19.6,0.0020000000000024443,0.0259999999999998,19.598,246,False,101.05870863008663,align,83.87528251391932,-8.263398808510074,True,runs/t3_20261002_101048/slp_02.json,runs/t3_20261002_101048/slp_02_box.json.gz,runs/t3_20261002_101048/slp_02_log.json.gz,False
t3_20261002_101048,3,1002-11dad5e1,359,30.5,15.320754716981131,48.09264605323896,2.2718913362578235,72.59828538464897,61.0,30.641509433962263,5.777777777777778,cruise,32.276,32.3,0.023999999999993804,0.03300000000000125,32.276,36,False,714.714781440496,align,133.50237684700173,7.836504194364849,True,runs/t3_20261002_101048/slp_03.json,runs/t3_20261002_101048/slp_03_box.json.gz,runs/t3_20261002_101048/slp_03_log.json.gz,False
t3_20261002_101048,4,1002-11dad5e1,219,17.5,16.004716981132077,37.36433723644187,3.8596202553097925,20.149777778079404,35.0,32.009433962264154,5.777777777777778,cruise,66.783,66.8,0.016999999999995907,0.028000000000005798,66.783,408,False,79.79064345351941,align,37.30695261089574,13.152787164958916,True,runs/t3_20261002_101048/slp_04.json,runs/t3_20261002_101048/slp_04_box.json.gz,runs/t3_20261002_101048/slp_04_log.json.gz,False
t3_20261002_101048,5,1002-11dad5e1,148,19.3,15.59433962264151,19.47816309261805,-15.41617653002346,10.447932732557762,38.6,31.18867924528302,5.79,cruise,54.64,54.7,0.060000000000002274,0.03200000000000358,54.64,433,False,5.304353104083525,align,61.223386877909995,-13.78355253060009,True,runs/t3_20261002_101048/slp_05.json,runs/t3_20261002_101048/slp_05_box.json.gz,runs/t3_20261002_101048/slp_05_log.json.gz,False
t3_20261002_101048,6,1002-11dad5e1,507,35.6,15.731132075471699,48.17502391454987,-3.156108160921832,66.47968359357932,71.2,31.462264150943398,5.777777777777778,cruise,94.771,94.8,0.028999999999996362,0.045000000000001705,94.771,96,False,693.1539314707103,align,478.4324691837748,3.8073811464060867,True,runs/t3_20261002_101048/slp_06.json,runs/t3_20261002_101048/slp_06_box.json.gz,runs/t3_20261002_101048/slp_06_log.json.gz,False
t3_20261002_101736,1,1002-11dad5e1,507,42.7,15.867924528301886,48.81692447065254,-9.75100005764935,27.195303853093808,85.4,31.735849056603772,5.777777777777778,cruise,59.033,59.1,0.06700000000000017,0.02400000000000091,59.033,507,True,-9.75100005764935,follow,307.04604785580625,-7.404088523340484,True,runs/t3_20261002_101736/slp_01.json,runs/t3_20261002_101736/slp_01_box.json.gz,runs/t3_20261002_101736/slp_01_log.json.gz,False
t3_20261002_101736,2,1002-11dad5e1,249,14.9,14.910377358490567,25.036165788783524,-4.7742115697070435,48.32220952460871,29.8,29.820754716981135,5.79,cruise,22.92,23,0.0799999999999983,0.028000000000002245,22.92,,False,,seek,39.481084842881614,-0.28592502155564326,True,runs/t3_20261002_101736/slp_02.json,runs/t3_20261002_101736/slp_02_box.json.gz,runs/t3_20261002_101736/slp_02_log.json.gz,False
t3_20261002_101736,3,1002-11dad5e1,431,22.6,16.141509433962263,28.243751785330396,-10.497757648631868,21.662511638886095,45.2,32.283018867924525,5.777777777777778,cruise,80.004,80,-0.0040000000000048885,0.03200000000001069,80.004,223,False,373.07914352728096,align,81.51828645595381,-8.054773382398146,True,runs/t3_20261002_101736/slp_03.json,runs/t3_20261002_101736/slp_03_box.json.gz,runs/t3_20261002_101736/slp_03_log.json.gz,False
t3_20261002_101736,4,1002-11dad5e1,126,45.4,14.773584905660377,64.07464641955673,3.9010615138963516,83.15490547989681,90.8,29.547169811320753,5.79,cruise,16.534,16.6,0.0660000000000025,0.028999999999999915,16.534,,False,,seek,566.7763509577209,9.128811901262836,True,runs/t3_20261002_101736/slp_04.json,runs/t3_20261002_101736/slp_04_box.json.gz,runs/t3_20261002_101736/slp_04_log.json.gz,False
t3_20261002_101736,5,1002-11dad5e1,389,17.8,15.183962264150946,16.24572538128597,-16.738236882864978,4.490217125239089,35.6,30.36792452830189,5.777777777777778,cruise,66.466,66.5,0.034000000000006025,0.03299999999998704,66.466,141,False,190.99575497900776,align,37.20926000360751,-16.431375441897906,True,runs/t3_20261002_101736/slp_05.json,runs/t3_20261002_101736/slp_05_box.json.gz,runs/t3_20261002_101736/slp_05_log.json.gz,False
t3_20261002_101736,6,1002-11dad5e1,431,29.8,15.59433962264151,43.05143912719304,-2.3429004954484682,60.06269934877764,59.6,31.18867924528302,5.777777777777778,cruise,64.839,64.9,0.06100000000000705,0.04599999999999227,64.839,,False,,seek,68.38618829333625,2.8326558221793157,True,runs/t3_20261002_101736/slp_06.json,runs/t3_20261002_101736/slp_06_box.json.gz,runs/t3_20261002_101736/slp_06_log.json.gz,False
t3_20261002_102528,1,1002-11dad5e1,241,26.7,15.047169811320755,35.38913550539266,-6.358034305928097,28.209216786140054,53.4,30.09433962264151,5.79,cruise,32.078,32.1,0.021999999999998465,0.035000000000003695,32.078,139,False,721.0849097888879,align,235.42800137881687,-3.2517023115902397,True,runs/t3_20261002_102528/slp_01.json,runs/t3_20261002_102528/slp_01_box.json.gz,runs/t3_20261002_102528/slp_01_log.json.gz,False
t3_20261002_102528,2,1002-11dad5e1,274,20.1,15.867924528301886,27.801471956108763,-8.166452572193124,29.111664775990025,40.2,31.735849056603772,5.777777777777778,cruise,32.734,32.8,0.0659999999999954,0.03200000000000358,32.734,463,False,602.4600406616421,align,136.50604096915396,-4.925986849476926,True,runs/t3_20261002_102528/slp_02.json,runs/t3_20261002_102528/slp_02_box.json.gz,runs/t3_20261002_102528/slp_02_log.json.gz,False
t3_20261002_102528,3,1002-11dad5e1,292,20,16.962264150943394,40.09461107740306,3.1323469264596646,79.23633275585381,40,33.92452830188679,5.79,cruise,45.984,46,0.015999999999998238,0.021999999999998465,45.984,19,False,247.57162178960473,align,40.077851918752195,6.94193195978681,True,runs/t3_20261002_102528/slp_03.json,runs/t3_20261002_102528/slp_03_box.json.gz,runs/t3_20261002_102528/slp_03_log.json.gz,False
t3_20261002_102528,4,1002-11dad5e1,320,42.3,15.320754716981131,57.55743848544082,-0.06331623154031263,86.08371141283592,84.6,30.641509433962263,5.777777777777778,cruise,90.534,90.6,0.06599999999998829,0.03300000000000125,90.534,,False,,seek,110.03523694993031,5.775739456229246,True,runs/t3_20261002_102528/slp_04.json,runs/t3_20261002_102528/slp_04_box.json.gz,runs/t3_20261002_102528/slp_04_log.json.gz,False
t3_20261002_102528,5,1002-11dad5e1,454,22.4,15.59433962264151,36.52808693068862,-1.466252691952885,50.415872607241425,44.8,31.18867924528302,5.777777777777778,cruise,62.116,62.2,0.08400000000000318,0.031999999999996476,62.116,,False,,seek,93.68104099077034,3.355511943191697,True,runs/t3_20261002_102528/slp_05.json,runs/t3_20261002_102528/slp_05_box.json.gz,runs/t3_20261002_102528/slp_05_log.json.gz,False
t3_20261002_102528,6,1002-11dad5e1,399,14.9,18.46698113207547,32.10868409712072,-1.258297034954749,80.89261892157062,29.8,36.93396226415094,5.777777777777778,cruise,77.915,77.9,-0.015000000000000568,0.04100000000001103,77.915,111,False,128.77099524684138,align,62.23305746599465,6.1835294052954115,True,runs/t3_20261002_102528/slp_06.json,runs/t3_20261002_102528/slp_06_box.json.gz,runs/t3_20261002_102528/slp_06_log.json.gz,False
t3_20261002_103336,1,1002-11dad5e1,119,18.7,19.69811320754717,31.082394889834532,-7.315718317712637,51.4732834749943,37.4,39.39622641509434,5.777777777777778,cruise,87.797,87.9,0.10300000000000864,0.0309999999999917,87.797,70,False,154.9356722669601,align,32.82911099536994,-4.544564366020374,True,runs/t3_20261002_103336/slp_01.json,runs/t3_20261002_103336/slp_01_box.json.gz,runs/t3_20261002_103336/slp_01_log.json.gz,False
t3_20261002_103336,2,1002-11dad5e1,17,14.9,18.330188679245282,25.922970949148667,-7.307217730096616,25.158645787583694,29.8,36.660377358490564,5.888888888888889,cruise,79.423,79.5,0.07699999999999818,0.031999999999996476,79.423,47,False,5.689965562886769,align,170.02419547377514,-5.424268702716072,True,runs/t3_20261002_103336/slp_02.json,runs/t3_20261002_103336/slp_02_box.json.gz,runs/t3_20261002_103336/slp_02_log.json.gz,False
t3_20261002_103336,3,1002-11dad5e1,494,39.3,15.731132075471699,47.73018650803332,-7.300945567438376,44.247082577968186,78.6,31.462264150943398,5.79,cruise,48.386,48.4,0.013999999999995794,0.034000000000006025,48.386,437,False,380.3430664991037,align,278.4123139115141,-3.4085299267375504,True,runs/t3_20261002_103336/slp_03.json,runs/t3_20261002_103336/slp_03_box.json.gz,runs/t3_20261002_103336/slp_03_log.json.gz,False
t3_20261002_103336,4,1002-11dad5e1,297,30,23.801886792452827,37.436818541319795,-16.36506825113303,1.2345900920773196,60,47.60377358490565,5.944444444444445,cruise,103.426,103.5,0.07399999999999807,0.03300000000000125,103.426,,False,,seek,114.84394843318216,-17.161614513815795,True,runs/t3_20261002_103336/slp_04.json,runs/t3_20261002_103336/slp_04_box.json.gz,runs/t3_20261002_103336/slp_04_log.json.gz,False
t3_20261002_103336,5,1002-11dad5e1,178,16.3,14.910377358490567,24.145788470536363,-7.064588887954205,84.71889588466708,32.6,29.820754716981135,5.79,cruise,29.648,29.7,0.0519999999999996,0.03300000000000125,29.648,91,False,919.7471366892835,align,166.75021891954157,-1.263515226915608,True,runs/t3_20261002_103336/slp_05.json,runs/t3_20261002_103336/slp_05_box.json.gz,runs/t3_20261002_103336/slp_05_log.json.gz,False
t3_20261002_103336,6,1002-11dad5e1,246,25.3,18.193396226415096,32.56549418158019,-10.927902044834905,17.986907375570024,50.6,36.38679245283019,5.833333333333333,cruise,114.953,115,0.046999999999997044,0.034000000000006025,114.953,152,False,252.41014548739162,align,364.07803816078825,-9.057754782718074,True,runs/t3_20261002_103336/slp_06.json,runs/t3_20261002_103336/slp_06_box.json.gz,runs/t3_20261002_103336/slp_06_log.json.gz,False
t3_20261002_104400,1,1002-11dad5e1,9,17,18.74056603773585,16.209579014899727,-19.530987022836122,1.7904603548672682,34,37.4811320754717,5.833333333333333,cruise,91.775,91.8,0.024999999999991473,0.04400000000001114,91.775,504,False,183.73745935425902,align,132.03098470430697,-19.267851075210014,True,runs/t3_20261002_104400/slp_01.json,runs/t3_20261002_104400/slp_01_box.json.gz,runs/t3_20261002_104400/slp_01_log.json.gz,False
t3_20261002_104400,2,1002-11dad5e1,299,24.1,15.047169811320755,30.384468846693874,-8.762700964626882,22.184020924616238,48.2,30.09433962264151,5.777777777777778,cruise,51.877,51.9,0.022999999999996135,0.036999999999999034,51.877,,False,,seek,295.6895484934699,-6.264031862507629,True,runs/t3_20261002_104400/slp_02.json,runs/t3_20261002_104400/slp_02_box.json.gz,runs/t3_20261002_104400/slp_02_log.json.gz,False
t3_20261002_104400,3,1002-11dad5e1,212,22.6,15.183962264150946,30.92714165075548,-6.856820613395467,60.829474685439024,45.2,30.36792452830189,5.79,cruise,34.649,34.7,0.05100000000000193,0.03999999999999915,34.649,465,False,523.7406588642198,align,30.892775070004657,-0.7989952333780117,True,runs/t3_20261002_104400/slp_03.json,runs/t3_20261002_104400/slp_03_box.json.gz,runs/t3_20261002_104400/slp_03_log.json.gz,False
t3_20261002_104400,4,1002-11dad5e1,314,33.7,18.056603773584904,47.301241405433544,-4.455362368151363,63.073942244250844,67.4,36.11320754716981,5.777777777777778,cruise,95.069,95.1,0.0309999999999917,0.009000000000000341,95.069,416,False,339.5653489080097,align,556.313563836907,-0.8976623529669538,True,runs/t3_20261002_104400/slp_04.json,runs/t3_20261002_104400/slp_04_box.json.gz,runs/t3_20261002_104400/slp_04_log.json.gz,False
t3_20261002_104400,5,1002-11dad5e1,337,17.4,14.910377358490567,27.657283134715982,-4.653094223774584,42.77974046252084,34.8,29.820754716981135,5.79,cruise,16.383,16.4,0.01699999999999946,0.02699999999999747,16.383,,False,,seek,42.48941282773769,-0.4939446518563564,True,runs/t3_20261002_104400/slp_05.json,runs/t3_20261002_104400/slp_05_box.json.gz,runs/t3_20261002_104400/slp_05_log.json.gz,False
t3_20261002_104400,6,1002-11dad5e1,416,47.6,21.61320754716981,65.0928708914297,-4.120336655740111,68.80179683118675,95.2,43.22641509433962,5.833333333333333,cruise,112.649,112.7,0.05100000000000193,0.03100000000000591,112.649,319,False,233.00685771335895,align,395.0059100317702,1.3154932077769033,True,runs/t3_20261002_104400/slp_06.json,runs/t3_20261002_104400/slp_06_box.json.gz,runs/t3_20261002_104400/slp_06_log.json.gz,False
t3_20261002_105337,1,1002-11dad5e1,90,14.5,14.636792452830191,20.28843917753416,-8.848353275296033,5.061596446341408,29.0,29.273584905660382,5.79,cruise,21.002,21,-0.0019999999999988916,0.03200000000000003,21.002,228,False,10.455463384914651,align,74.98791960740722,-17.853322784613013,True,runs/t3_20261002_105337/slp_01.json,runs/t3_20261002_105337/slp_01_box.json.gz,runs/t3_20261002_105337/slp_01_log.json.gz,False
t3_20261002_105337,2,1002-11dad5e1,126,26.7,14.910377358490567,38.70198709737537,-2.908390261115194,63.64946178861588,53.4,29.820754716981135,5.777777777777778,cruise,52.653,52.7,0.04700000000000415,0.02599999999999625,52.653,126,True,-2.908390261115194,align,81.7355963432325,2.78523414840852,True,runs/t3_20261002_105337/slp_02.json,runs/t3_20261002_105337/slp_02_box.json.gz,runs/t3_20261002_105337/slp_02_log.json.gz,False
t3_20261002_105337,3,1002-11dad5e1,364,31.9,15.183962264150946,46.45552531241249,-0.628436951738454,67.99572516388902,63.8,30.36792452830189,5.777777777777778,cruise,57.259,57.3,0.04099999999999682,0.026000000000003354,57.259,128,False,378.9305440956503,align,193.13460075166503,4.759067877702428,True,runs/t3_20261002_105337/slp_03.json,runs/t3_20261002_105337/slp_03_box.json.gz,runs/t3_20261002_105337/slp_03_log.json.gz,False
t3_20261002_105337,4,1002-11dad5e1,385,18.7,15.867924528301886,25.564384204376754,-9.003540323925131,6.257109392849159,37.4,31.735849056603772,5.777777777777778,cruise,53.793,53.8,0.006999999999997897,0.031999999999996476,53.793,322,False,556.7213224331449,align,77.75742386625889,-6.21594626424025,True,runs/t3_20261002_105337/slp_04.json,runs/t3_20261002_105337/slp_04_box.json.gz,runs/t3_20261002_105337/slp_04_log.json.gz,False
t3_20261002_105337,5,1002-11dad5e1,60,36.5,18.87735849056604,49.27567895540276,-6.101679535163278,42.84030556494503,73.0,37.75471698113208,5.777777777777778,cruise,168.627,168.7,0.07299999999997908,0.03100000000000591,168.627,60,True,-6.101679535163278,align,100.06313447618176,-2.34133866151452,True,runs/t3_20261002_105337/slp_05.json,runs/t3_20261002_105337/slp_05_box.json.gz,runs/t3_20261002_105337/slp_05_log.json.gz,False
t3_20261002_105337,6,1002-11dad5e1,206,19.8,14.773584905660377,31.95286711057631,-2.620717795084065,44.511214876130026,39.6,29.547169811320753,5.79,cruise,16.675,16.7,0.02499999999999858,0.028999999999999915,16.675,,False,,seek,253.3449851211516,1.050237488732673,True,runs/t3_20261002_105337/slp_06.json,runs/t3_20261002_105337/slp_06_box.json.gz,runs/t3_20261002_105337/slp_06_log.json.gz,False
t3_20261002_110217,1,1002-11dad5e1,252,56.8,15.183962264150946,61.82575204084311,-10.158210223307833,15.012596500692545,113.6,30.36792452830189,5.777777777777778,cruise,53.484,53.5,0.015999999999998238,0.030000000000001137,53.484,,False,,seek,466.6206123077144,-8.487568279832573,True,runs/t3_20261002_110217/slp_01.json,runs/t3_20261002_110217/slp_01_box.json.gz,runs/t3_20261002_110217/slp_01_log.json.gz,False
t3_20261002_110217,2,1002-11dad5e1,36,15.3,14.910377358490567,14.595745358435003,-15.614632000055565,17.523430929915577,30.6,29.820754716981135,5.777777777777778,cruise,27.91,27.9,-0.010000000000001563,0.030999999999998806,27.91,,False,,seek,98.94718557690163,-13.913022578427942,True,runs/t3_20261002_110217/slp_02.json,runs/t3_20261002_110217/slp_02_box.json.gz,runs/t3_20261002_110217/slp_02_log.json.gz,False
t3_20261002_110217,3,1002-11dad5e1,114,14.9,14.910377358490567,21.051302963183396,-8.759074395307172,46.5522018560069,29.8,29.820754716981135,5.777777777777778,cruise,13.887,13.9,0.0129999999999999,0.03300000000000125,13.887,,False,,seek,74.70014019566737,-4.327812332247026,True,runs/t3_20261002_110217/slp_03.json,runs/t3_20261002_110217/slp_03_box.json.gz,runs/t3_20261002_110217/slp_03_log.json.gz,False
t3_20261002_110217,4,1002-11dad5e1,30,14.8,15.731132075471699,19.28760786194224,-11.243524213529458,18.457873465607655,29.6,31.462264150943398,5.777777777777778,cruise,57.881,57.9,0.01899999999999835,0.02300000000000324,57.881,225,False,445.25305067214373,align,22.508513232975275,-10.805572408748095,True,runs/t3_20261002_110217/slp_04.json,runs/t3_20261002_110217/slp_04_box.json.gz,runs/t3_20261002_110217/slp_04_log.json.gz,False
t3_20261002_110217,5,1002-11dad5e1,290,42.8,15.183962264150946,51.47129375591185,-6.512668508239088,45.652379091100016,85.6,30.36792452830189,5.79,cruise,43.057,43.1,0.04299999999999926,0.03300000000000125,43.057,290,True,-6.512668508239088,align,138.6283788034615,-2.471680218833427,True,runs/t3_20261002_110217/slp_05.json,runs/t3_20261002_110217/slp_05_box.json.gz,runs/t3_20261002_110217/slp_05_log.json.gz,False
t3_20261002_110217,6,1002-11dad5e1,131,40.1,14.636792452830191,45.657528371187055,-9.079264081643139,12.96203030093159,80.2,29.273584905660382,5.79,cruise,9.669,9.7,0.030999999999998806,0.031000000000000583,9.669,,False,,seek,256.294426135555,-7.4367275782081705,True,runs/t3_20261002_110217/slp_06.json,runs/t3_20261002_110217/slp_06_box.json.gz,runs/t3_20261002_110217/slp_06_log.json.gz,False
t3_20261002_110740,1,1002-11dad5e1,154,30.9,15.183962264150946,37.04845592369209,-9.035506340458856,32.1107435670579,61.8,30.36792452830189,5.777777777777778,cruise,34.609,34.6,-0.009000000000000341,0.03300000000000125,34.609,,False,,seek,37.05675523775878,-3.4964936184978193,True,runs/t3_20261002_110740/slp_01.json,runs/t3_20261002_110740/slp_01_box.json.gz,runs/t3_20261002_110740/slp_01_log.json.gz,False
t3_20261002_110740,2,1002-11dad5e1,143,42.7,15.047169811320755,46.4370177312268,-11.310152080093957,13.512905723934647,85.4,30.09433962264151,5.777777777777778,cruise,44.079,44.1,0.021000000000000796,0.03300000000000125,44.079,143,True,-11.310152080093957,follow,895.7442462445157,-9.97257366666313,True,runs/t3_20261002_110740/slp_02.json,runs/t3_20261002_110740/slp_02_box.json.gz,runs/t3_20261002_110740/slp_02_log.json.gz,True
t3_20261002_110740,3,1002-11dad5e1,107,27.1,15.457547169811322,41.17601049303568,-1.3815366767756387,59.70319412648335,54.2,30.915094339622645,5.777777777777778,cruise,59.601,59.7,0.09900000000000375,0.030999999999998806,59.601,39,False,204.2031874630751,align,275.2303575662297,3.7119123526422655,True,runs/t3_20261002_110740/slp_03.json,runs/t3_20261002_110740/slp_03_box.json.gz,runs/t3_20261002_110740/slp_03_log.json.gz,False
t3_20261002_110740,4,1002-11dad5e1,39,38.2,15.183962264150946,50.05278120930372,-3.331181054847235,42.0707117134371,76.4,30.36792452830189,5.79,cruise,14.135,14.2,0.0649999999999995,0.02999999999999936,14.135,39,True,-3.331181054847235,align,459.1514411710359,0.4622338447192931,True,runs/t3_20261002_110740/slp_04.json,runs/t3_20261002_110740/slp_04_box.json.gz,runs/t3_20261002_110740/slp_04_log.json.gz,False
t3_20261002_110740,5,1002-11dad5e1,488,50.2,15.867924528301886,61.90868563413019,-4.1592388941717005,1.2790460585673638,100.4,31.735849056603772,5.777777777777778,cruise,73.858,73.9,0.04200000000000159,0.025000000000005684,73.858,,False,,seek,200.04442363093594,-4.788472593652223,True,runs/t3_20261002_110740/slp_05.json,runs/t3_20261002_110740/slp_05_box.json.gz,runs/t3_20261002_110740/slp_05_log.json.gz,False
t3_20261002_110740,6,1002-11dad5e1,343,15.2,16.68867924528302,24.736353106051748,-7.1523261392312705,69.45045168477156,30.4,33.37735849056604,5.777777777777778,cruise,53.975,54,0.02499999999999858,0.03200000000000358,53.975,87,False,386.5036781064775,align,68.16657390027578,-1.7621586579640258,True,runs/t3_20261002_110740/slp_06.json,runs/t3_20261002_110740/slp_06_box.json.gz,runs/t3_20261002_110740/slp_06_log.json.gz,False
t3_20261002_111437,1,1002-11dad5e1,303,21.1,15.183962264150946,37.4172630645103,1.133300800359354,21.046919464575662,42.2,30.36792452830189,5.79,cruise,35.215,35.2,-0.015000000000000568,0.06400000000000006,35.215,,False,,seek,264.5246872531796,5.205412910079449,True,runs/t3_20261002_111437/slp_01.json,runs/t3_20261002_111437/slp_01_box.json.gz,runs/t3_20261002_111437/slp_01_log.json.gz,False
t3_20261002_111437,2,1002-11dad5e1,54,38.2,14.910377358490567,49.973538883178364,-3.136838475312203,58.000862340157425,76.4,29.820754716981135,5.79,cruise,26.121,26.2,0.07900000000000063,0.0329999999999977,26.121,27,False,969.5069452373181,align,318.36892748729116,2.8864599722354,True,runs/t3_20261002_111437/slp_02.json,runs/t3_20261002_111437/slp_02_box.json.gz,runs/t3_20261002_111437/slp_02_log.json.gz,False
t3_20261002_111437,3,1002-11dad5e1,241,41.2,15.320754716981131,44.792518299738084,-11.72823641724305,15.035803398176368,82.4,30.641509433962263,5.79,cruise,50.964,51,0.036000000000001364,0.04200000000000159,50.964,241,True,-11.72823641724305,follow,89.10384490900093,-10.469845545639973,True,runs/t3_20261002_111437/slp_03.json,runs/t3_20261002_111437/slp_03_box.json.gz,runs/t3_20261002_111437/slp_03_log.json.gz,False
t3_20261002_111437,4,1002-11dad5e1,292,39.5,15.731132075471699,47.08980578467949,-8.141326290792207,37.40929947339706,79.0,31.462264150943398,5.79,cruise,18.34,18.4,0.05999999999999872,0.038000000000000256,18.34,,False,,seek,440.4912422537289,-6.04744049707471,True,runs/t3_20261002_111437/slp_04.json,runs/t3_20261002_111437/slp_04_box.json.gz,runs/t3_20261002_111437/slp_04_log.json.gz,False
t3_20261002_111437,5,1002-11dad5e1,264,14.6,15.183962264150946,30.622185802736155,0.8382235385852095,69.48347381171972,29.2,30.36792452830189,5.79,cruise,30.458,30.5,0.04200000000000159,0.03200000000000003,30.458,,False,,seek,61.284086003152275,6.032639574333357,True,runs/t3_20261002_111437/slp_05.json,runs/t3_20261002_111437/slp_05_box.json.gz,runs/t3_20261002_111437/slp_05_log.json.gz,False
t3_20261002_111437,6,1002-11dad5e1,506,44.7,15.867924528301886,48.92184059908494,-11.64608392921695,25.632169494378488,89.4,31.735849056603772,5.777777777777778,cruise,68.301,68.3,-0.0010000000000047748,0.034000000000006025,68.301,,False,,seek,157.20707873968632,-9.338255715516532,True,runs/t3_20261002_111437/slp_06.json,runs/t3_20261002_111437/slp_06_box.json.gz,runs/t3_20261002_111437/slp_06_log.json.gz,False
t3_20261002_112043,1,1002-11dad5e1,338,17,14.5,36.35311003406382,4.853110034063818,54.31862404232843,34,29.0,5.777777777777778,cruise,4.781,4.8,0.019000000000000128,0.021999999999999353,4.781,478,False,752.3849354021557,align,36.33839106154744,22.18280081648662,True,runs/t3_20261002_112043/slp_01.json,runs/t3_20261002_112043/slp_01_box.json.gz,runs/t3_20261002_112043/slp_01_log.json.gz,False
t3_20261002_112043,2,1002-11dad5e1,267,22.2,14.773584905660377,32.60962928533035,-4.363955620330028,43.41134179340534,44.4,29.547169811320753,5.79,cruise,14.389,14.4,0.011000000000001009,0.03999999999999915,14.389,506,False,369.3612865231015,align,66.8067177368618,-0.2538907352422548,True,runs/t3_20261002_112043/slp_02.json,runs/t3_20261002_112043/slp_02_box.json.gz,runs/t3_20261002_112043/slp_02_log.json.gz,False
t3_20261002_112043,3,1002-11dad5e1,465,40.9,15.457547169811322,44.08385726428842,-12.2736899055229,15.186993909283945,81.8,30.915094339622645,5.79,cruise,56.674,56.7,0.026000000000003354,0.03300000000000125,56.674,292,False,-2.9044764213183214,align,754.2235260530938,-11.058173191595543,True,runs/t3_20261002_112043/slp_03.json,runs/t3_20261002_112043/slp_03_box.json.gz,runs/t3_20261002_112043/slp_03_log.json.gz,False
t3_20261002_112043,4,1002-11dad5e1,245,15.6,15.457547169811322,30.446952219294893,-0.610594950516429,81.87534531420883,31.2,30.915094339622645,5.777777777777778,cruise,61.91,61.9,-0.00999999999999801,0.03899999999999437,61.91,292,False,43.70763117084582,follow,30.51350725603634,12.574059481035215,True,runs/t3_20261002_112043/slp_04.json,runs/t3_20261002_112043/slp_04_box.json.gz,runs/t3_20261002_112043/slp_04_log.json.gz,False
t3_20261002_112043,5,1002-11dad5e1,51,14.8,14.773584905660377,18.522769808588965,-11.050815097071412,42.89474957319953,29.6,29.547169811320753,5.79,cruise,24.533,24.6,0.06700000000000017,0.036000000000001364,24.533,402,False,972.3665313434028,align,36.97533140862592,-6.6664691232016455,True,runs/t3_20261002_112043/slp_05.json,runs/t3_20261002_112043/slp_05_box.json.gz,runs/t3_20261002_112043/slp_05_log.json.gz,False
t3_20261002_112043,6,1002-11dad5e1,28,15.3,15.867924528301886,16.509052749078567,-14.65887177922332,8.756514030129736,30.6,31.735849056603772,5.777777777777778,cruise,46.657,46.7,0.043000000000006366,0.031999999999996476,46.657,506,False,99.3375521480132,align,159.90723118122344,-13.76554392140435,True,runs/t3_20261002_112043/slp_06.json,runs/t3_20261002_112043/slp_06_box.json.gz,runs/t3_20261002_112043/slp_06_log.json.gz,False
t3_20261002_112638,1,1002-11dad5e1,47,15.2,15.183962264150946,14.932085959538972,-15.451876304611973,1.6584277858198722,30.4,30.36792452830189,5.79,cruise,36.757,36.8,0.04299999999999926,0.02400000000000091,36.757,506,False,-0.817066537203317,align,40.55662623602281,-15.323058177323668,True,runs/t3_20261002_112638/slp_01.json,runs/t3_20261002_112638/slp_01_box.json.gz,runs/t3_20261002_112638/slp_01_log.json.gz,False
t3_20261002_112638,2,1002-11dad5e1,52,32,15.183962264150946,41.73073653381891,-5.453225730332033,21.585815614831464,64,30.36792452830189,5.79,cruise,35.283,35.3,0.016999999999995907,0.01899999999999835,35.283,465,False,185.57430885721493,align,403.39254961217097,-2.132288062444541,True,runs/t3_20261002_112638/slp_02.json,runs/t3_20261002_112638/slp_02_box.json.gz,runs/t3_20261002_112638/slp_02_log.json.gz,False
t3_20261002_112638,3,1002-11dad5e1,195,26.4,14.636792452830191,33.14898200114173,-7.887810451688459,59.265299757713265,52.8,29.273584905660382,5.79,cruise,12.118,12.1,-0.018000000000000682,0.03700000000000081,12.118,30,False,366.1418790553406,align,39.95120822723992,-3.915135495789592,True,runs/t3_20261002_112638/slp_03.json,runs/t3_20261002_112638/slp_03_box.json.gz,runs/t3_20261002_112638/slp_03_log.json.gz,False
t3_20261002_112638,4,1002-11dad5e1,319,48.3,19.83490566037736,68.74756795639546,0.612662296018101,57.58752320539272,96.6,39.66981132075472,5.777777777777778,cruise,125.895,125.9,0.005000000000009663,0.02599999999999625,125.895,,False,,seek,327.0678027931483,4.708849397388207,True,runs/t3_20261002_112638/slp_04.json,runs/t3_20261002_112638/slp_04_box.json.gz,runs/t3_20261002_112638/slp_04_log.json.gz,False
t3_20261002_112638,5,1002-11dad5e1,272,14.9,15.047169811320755,12.855369931235494,-17.09179988008526,23.5225814402974,29.8,30.09433962264151,5.79,cruise,19.6,19.6,0.0,0.03300000000000125,19.6,,False,,seek,55.93776288027472,-13.389398426291482,True,runs/t3_20261002_112638/slp_05.json,runs/t3_20261002_112638/slp_05_box.json.gz,runs/t3_20261002_112638/slp_05_log.json.gz,False
t3_20261002_112638,6,1002-11dad5e1,327,30,14.773584905660377,38.1621927887588,-6.611392116901577,22.924211420388723,60,29.547169811320753,5.79,cruise,14.101,14.1,-0.0010000000000012221,0.03300000000000125,14.101,,False,,seek,84.96674483229017,-4.230310658954686,True,runs/t3_20261002_112638/slp_06.json,runs/t3_20261002_112638/slp_06_box.json.gz,runs/t3_20261002_112638/slp_06_log.json.gz,False
t3_20261002_113306,1,1002-11dad5e1,344,42.3,15.183962264150946,51.883510470774155,-5.600451793376791,41.32806943235428,84.6,30.36792452830189,5.79,cruise,41.888,41.9,0.012000000000000455,0.04999999999999716,41.888,89,False,969.3235867860278,align,497.56682840202814,0.3601513905398406,True,runs/t3_20261002_113306/slp_01.json,runs/t3_20261002_113306/slp_01_box.json.gz,runs/t3_20261002_113306/slp_01_log.json.gz,False
t3_20261002_113306,2,1002-11dad5e1,223,26.5,17.37264150943396,33.88188968333611,-9.99075182609785,17.746123385112057,53.0,34.74528301886792,5.79,cruise,55.44,55.5,0.060000000000002274,0.030999999999998806,55.44,240,False,638.2242974107686,align,317.0070934801345,-8.793536767823852,True,runs/t3_20261002_113306/slp_02.json,runs/t3_20261002_113306/slp_02_box.json.gz,runs/t3_20261002_113306/slp_02_log.json.gz,False
t3_20261002_113306,3,1002-11dad5e1,441,33.4,15.183962264150946,46.45441407197516,-2.129548192175786,49.0976479612117,66.8,30.36792452830189,5.79,cruise,52.2,52.2,0.0,0.054999999999999716,52.2,441,True,-2.129548192175786,align,315.9236942287568,5.18561947268018,True,runs/t3_20261002_113306/slp_03.json,runs/t3_20261002_113306/slp_03_box.json.gz,runs/t3_20261002_113306/slp_03_log.json.gz,False
t3_20261002_113306,4,1002-11dad5e1,9,16.3,15.047169811320755,23.783925330710748,-7.563244480610008,79.40071755688062,32.6,30.09433962264151,5.777777777777778,cruise,10.558,10.6,0.041999999999999815,0.02800000000000047,10.558,,False,,seek,33.09370202283881,-3.0064768002940045,True,runs/t3_20261002_113306/slp_04.json,runs/t3_20261002_113306/slp_04_box.json.gz,runs/t3_20261002_113306/slp_04_log.json.gz,False
t3_20261002_113306,5,1002-11dad5e1,24,42.8,16.141509433962263,42.54570221422732,-16.39580721973494,11.739695593130971,85.6,32.283018867924525,5.777777777777778,cruise,105.851,105.9,0.049000000000006594,0.060000000000002274,105.851,465,False,-11.717470797457509,follow,317.41294951189275,-14.648459060719262,True,runs/t3_20261002_113306/slp_05.json,runs/t3_20261002_113306/slp_05_box.json.gz,runs/t3_20261002_113306/slp_05_log.json.gz,False
t3_20261002_113306,6,1002-11dad5e1,465,36.9,14.773584905660377,43.444591564950876,-8.2289933407095,10.557661782922791,73.8,29.547169811320753,5.79,cruise,28.64,28.7,0.05999999999999872,0.03300000000000125,28.64,465,True,-8.2289933407095,follow,253.17277868103284,-7.621892973889082,True,runs/t3_20261002_113306/slp_06.json,runs/t3_20261002_113306/slp_06_box.json.gz,runs/t3_20261002_113306/slp_06_log.json.gz,True
t3_20261002_114036,1,1002-11dad5e1,362,27.8,16.004716981132077,37.9210989406063,-5.8836180405257785,61.60572000236959,55.6,32.009433962264154,5.777777777777778,cruise,72.886,72.9,0.014000000000010004,0.030000000000001137,72.886,,False,,seek,408.71117531072827,-0.7838348516088622,True,runs/t3_20261002_114036/slp_01.json,runs/t3_20261002_114036/slp_01_box.json.gz,runs/t3_20261002_114036/slp_01_log.json.gz,False
t3_20261002_114036,2,1002-11dad5e1,328,31.1,15.320754716981131,42.205736332303914,-4.215018384677219,46.71427175227356,62.2,30.641509433962263,5.777777777777778,cruise,66.784,66.8,0.015999999999991132,0.03200000000001069,66.784,,False,,seek,197.9797409003624,0.15542924944314862,True,runs/t3_20261002_114036/slp_02.json,runs/t3_20261002_114036/slp_02_box.json.gz,runs/t3_20261002_114036/slp_02_log.json.gz,False
t3_20261002_114036,3,1002-11dad5e1,254,30,15.59433962264151,35.075424882646026,-10.518914739995484,11.305168462488353,60,31.18867924528302,5.777777777777778,cruise,80.35,80.4,0.05000000000001137,0.03300000000000125,80.35,254,True,-10.518914739995484,align,143.3517042234043,-9.326780587469226,True,runs/t3_20261002_114036/slp_03.json,runs/t3_20261002_114036/slp_03_box.json.gz,runs/t3_20261002_114036/slp_03_log.json.gz,True
t3_20261002_114036,4,1002-11dad5e1,136,56.1,14.910377358490567,68.72899526343096,-2.2813820950596053,69.60547580622301,112.2,29.820754716981135,5.79,cruise,39.513,39.5,-0.012999999999998124,0.03999999999999915,39.513,136,True,-2.2813820950596053,follow,475.99391900051285,3.304875508108303,True,runs/t3_20261002_114036/slp_04.json,runs/t3_20261002_114036/slp_04_box.json.gz,runs/t3_20261002_114036/slp_04_log.json.gz,False
t3_20261002_114036,5,1002-11dad5e1,197,14.5,14.5,24.634487411519977,-4.365512588480023,87.31736377708668,29.0,29.0,5.79,cruise,8.364,8.4,0.03599999999999959,0.03200000000000003,8.364,496,False,716.9883583687202,align,33.93420090854368,2.370301065725087,True,runs/t3_20261002_114036/slp_05.json,runs/t3_20261002_114036/slp_05_box.json.gz,runs/t3_20261002_114036/slp_05_log.json.gz,False
t3_20261002_114036,6,1002-11dad5e1,19,14.6,16.004716981132077,15.143618021200693,-15.461098959931384,21.526037268435456,29.2,32.009433962264154,5.79,cruise,71.356,71.4,0.04400000000001114,0.031999999999996476,71.356,346,False,2.6323282595610635,align,74.9313395535269,-13.527278187227372,True,runs/t3_20261002_114036/slp_06.json,runs/t3_20261002_114036/slp_06_box.json.gz,runs/t3_20261002_114036/slp_06_log.json.gz,False
t3_20261002_114853,1,1002-11dad5e1,50,48.4,15.320754716981131,50.25826811126578,-13.462486605715348,12.097876011376787,96.8,30.641509433962263,5.777777777777778,cruise,31.195,31.2,0.004999999999999005,0.04299999999999926,31.195,123,False,703.9114606416156,align,94.01660500040933,-11.967757173222672,True,runs/t3_20261002_114853/slp_01.json,runs/t3_20261002_114853/slp_01_box.json.gz,runs/t3_20261002_114853/slp_01_log.json.gz,False
t3_20261002_114853,2,1002-11dad5e1,335,24.5,16.55188679245283,28.559016496460213,-12.492870295992617,20.373539087836154,49.0,33.10377358490566,5.833333333333333,cruise,56.1,56.1,0.0,0.035000000000003695,56.1,359,False,1154.1862293988322,align,146.1042092569233,-10.675747555453121,True,runs/t3_20261002_114853/slp_02.json,runs/t3_20261002_114853/slp_02_box.json.gz,runs/t3_20261002_114853/slp_02_log.json.gz,False
t3_20261002_114853,3,1002-11dad5e1,508,14.6,14.910377358490567,19.952434971560688,-9.557942386929879,17.74119642417724,29.2,29.820754716981135,5.79,cruise,30.912,31,0.08800000000000097,0.0329999999999977,30.912,,False,,seek,69.23849508321292,-7.799138895821949,True,runs/t3_20261002_114853/slp_03.json,runs/t3_20261002_114853/slp_03_box.json.gz,runs/t3_20261002_114853/slp_03_log.json.gz,False
t3_20261002_114853,4,1002-11dad5e1,120,14.8,14.910377358490567,22.37635190646347,-7.334025452027099,42.43592560939541,29.6,29.820754716981135,5.79,cruise,19.371,19.4,0.028999999999999915,0.030999999999998806,19.371,52,False,1337.7742369285768,align,45.79169647135879,-3.3437388845171583,True,runs/t3_20261002_114853/slp_04.json,runs/t3_20261002_114853/slp_04_box.json.gz,runs/t3_20261002_114853/slp_04_log.json.gz,False
t3_20261002_114853,5,1002-11dad5e1,76,21.2,16.68867924528302,34.69907456312356,-3.189604682159459,55.78109361623509,42.4,33.37735849056604,5.833333333333333,cruise,73.138,73.2,0.06199999999999761,0.03200000000001069,73.138,371,False,575.6455516117534,align,48.99736882634405,1.4662215723392613,True,runs/t3_20261002_114853/slp_05.json,runs/t3_20261002_114853/slp_05_box.json.gz,runs/t3_20261002_114853/slp_05_log.json.gz,False
t3_20261002_114853,6,1002-11dad5e1,280,16.6,21.066037735849054,31.66045189162448,-6.005585844224576,75.9227139751459,33.2,42.13207547169811,5.833333333333333,cruise,53.006,53,-0.006000000000000227,0.01899999999999835,53.006,74,False,318.1648962659446,align,57.166052153413744,-1.060016413355367,True,runs/t3_20261002_114853/slp_06.json,runs/t3_20261002_114853/slp_06_box.json.gz,runs/t3_20261002_114853/slp_06_log.json.gz,False
t3_20261002_115616,1,1002-11dad5e1,301,26.9,18.193396226415096,37.56780766924689,-7.525588557168206,88.00337802678203,53.8,36.38679245283019,5.79,cruise,19.504,19.5,-0.004000000000001336,0.06300000000000239,19.504,29,False,161.27991706595836,align,247.8143969397018,2.523289243994917,True,runs/t3_20261002_115616/slp_01.json,runs/t3_20261002_115616/slp_01_box.json.gz,runs/t3_20261002_115616/slp_01_log.json.gz,False
t3_20261002_115616,2,1002-11dad5e1,91,31.3,14.910377358490567,34.1409502551114,-12.06942710337917,7.764350722989653,62.6,29.820754716981135,5.777777777777778,cruise,36.282,36.3,0.018000000000000682,0.04399999999999693,36.282,91,True,-12.06942710337917,align,274.59349753397373,-8.869826847399551,True,runs/t3_20261002_115616/slp_02.json,runs/t3_20261002_115616/slp_02_box.json.gz,runs/t3_20261002_115616/slp_02_log.json.gz,True
t3_20261002_115616,3,1002-11dad5e1,379,15.9,15.457547169811322,23.39252675350245,-7.965020416308871,39.12790169474037,31.8,30.915094339622645,5.79,cruise,56.794,56.8,0.006000000000000227,0.0379999999999967,56.794,173,False,367.01821623263595,align,51.388504052201,-3.6394505621550586,True,runs/t3_20261002_115616/slp_03.json,runs/t3_20261002_115616/slp_03_box.json.gz,runs/t3_20261002_115616/slp_03_log.json.gz,False
t3_20261002_115616,4,1002-11dad5e1,20,28.5,15.047169811320755,38.15580807991182,-5.391361731408935,22.93934985068452,57.0,30.09433962264151,5.777777777777778,cruise,34.248,34.3,0.0519999999999996,0.021000000000000796,34.248,20,True,-5.391361731408935,align,298.08232624257073,-3.3569892041253837,True,runs/t3_20261002_115616/slp_04.json,runs/t3_20261002_115616/slp_04_box.json.gz,runs/t3_20261002_115616/slp_04_log.json.gz,False
t3_20261002_115616,5,1002-11dad5e1,267,32.3,15.59433962264151,37.29097226652592,-10.603367356115587,19.872470196810866,64.6,31.18867924528302,5.777777777777778,cruise,61.814,61.8,-0.014000000000002899,0.03399999999999892,61.814,34,False,3.2008129419161833,align,552.4438718956868,-8.645478134509307,True,runs/t3_20261002_115616/slp_05.json,runs/t3_20261002_115616/slp_05_box.json.gz,runs/t3_20261002_115616/slp_05_log.json.gz,False
t3_20261002_115616,6,1002-11dad5e1,343,15.7,14.5,20.640858944444684,-9.559141055555315,63.83072280357903,31.4,29.0,5.79,cruise,6.398,6.4,0.002000000000000668,0.032999999999999474,6.398,267,False,584.0454029486418,align,41.67912835220966,-5.140714920518864,True,runs/t3_20261002_115616/slp_06.json,runs/t3_20261002_115616/slp_06_box.json.gz,runs/t3_20261002_115616/slp_06_log.json.gz,False
