t,target,episode,set,gap,duration,samples,heading,bend,speed,own_r,enemy_r,geometry_class,bend_max,contact_bend_max,gap_range,heading_max,serial,requested_speed,gap_min,gap_max,lateral,boost,speed_class,enemy_speed,game,run,kind,protocol,build,source
23.326,155,3,40,38.95186514645493,1.4718000000119247,44,0.027743036066343763,0.34430128456126496,5.79,14.773584905660377,24.62264150943396,gentle_curve,0.4796008815210797,0.06218725556521498,2.9719710821782357,0.1280503083290565,1,0,37.36186806827941,40.33383915045765,6.218126390606463,False,cruise_speed,6.055555555555555,3,t3_20261002_094739,alive,parallel_offset_t3_rebuild,1002-11dad5e1,/home/datawave/Work_AI/슬리더/runs/t3_20261002_094739/slp_03_log.json.gz
46.494,505,12,40,41.12374114114567,1.4604000000357615,45,0.013242217121351096,0.052669458112184486,5.79,15.183962264150946,39.39622641509435,gentle_curve,0.2286461873944683,0.02393167686661357,2.5321746114906745,0.16235731544411625,2,0,39.18704222164466,41.719216833135334,3.5580501121227726,False,cruise_speed,6.444444444444445,3,t3_20261002_094739,alive,parallel_offset_t3_rebuild,1002-11dad5e1,/home/datawave/Work_AI/슬리더/runs/t3_20261002_094739/slp_03_log.json.gz
54.35,505,13,40,39.17105789302572,0.7839999999999918,25,0.020703146312950782,0.38565513483947367,5.79,15.183962264150946,39.533018867924525,gentle_curve,0.3905172628527058,0.05998443751122906,2.020233701597391,0.191181665914951,3,0,38.124247320838165,40.144481022435556,9.305341161931059,False,cruise_speed,10.444444444444445,3,t3_20261002_094739,alive,parallel_offset_t3_rebuild,1002-11dad5e1,/home/datawave/Work_AI/슬리더/runs/t3_20261002_094739/slp_03_log.json.gz
57.623,505,13,39,38.71217902018215,1.489400000035758,39,0.009825803926946985,0.12719085487972137,5.79,15.183962264150946,39.533018867924525,gentle_curve,0.23478481548790242,0.029539940819325317,1.8809131139486936,0.06638979122948374,4,0,37.99557386209763,39.87648697604632,3.4138809573240207,False,cruise_speed,6.444444444444445,3,t3_20261002_094739,alive,parallel_offset_t3_rebuild,1002-11dad5e1,/home/datawave/Work_AI/슬리더/runs/t3_20261002_094739/slp_03_log.json.gz
65.181,490,14,40,39.22545655568193,0.7651000000238355,22,0.027148821332835915,0.39560803950868184,5.79,15.457547169811322,39.94339622641509,gentle_curve,0.39834059358137,0.06294963190744873,1.5352494836111248,0.08983536235504985,5,0,38.48374836385301,40.018997847464135,5.105355140306153,False,cruise_speed,14,3,t3_20261002_094739,alive,parallel_offset_t3_rebuild,1002-11dad5e1,/home/datawave/Work_AI/슬리더/runs/t3_20261002_094739/slp_03_log.json.gz
66.898,490,14,39,37.15123046311221,1.4773999999761571,41,0.03772171314921513,0.35457031577243114,5.79,15.457547169811322,39.94339622641509,gentle_curve,0.3917566597893076,0.060622640107170334,2.855778152729087,0.10465453633301136,6,0,35.2886521951757,38.14443034790479,9.011325078655464,False,cruise_speed,14,3,t3_20261002_094739,alive,parallel_offset_t3_rebuild,1002-11dad5e1,/home/datawave/Work_AI/슬리더/runs/t3_20261002_094739/slp_03_log.json.gz
80.405,490,18,40,39.652502491624446,1.4691000000238432,42,0.02557286766917599,0.18322824609574884,5.79,16.004716981132077,40.62735849056604,gentle_curve,0.22470659702134288,0.031492772355279364,2.9716762145321454,0.08195019710374041,7,0,37.76815647872876,40.73983269326091,6.790407494138182,False,cruise_speed,14,3,t3_20261002_094739,alive,parallel_offset_t3_rebuild,1002-11dad5e1,/home/datawave/Work_AI/슬리더/runs/t3_20261002_094739/slp_03_log.json.gz
82.961,490,18,39,39.49821994305704,1.4714999999999918,45,0.023758368872117686,0.23597635178503573,5.79,16.141509433962263,40.62735849056604,gentle_curve,0.23859131979240011,0.038678423010145124,2.509841222316595,0.15686967773237193,8,0,37.59053723355741,40.10037845587401,6.871967227826474,False,cruise_speed,14,3,t3_20261002_094739,alive,parallel_offset_t3_rebuild,1002-11dad5e1,/home/datawave/Work_AI/슬리더/runs/t3_20261002_094739/slp_03_log.json.gz
89.261,490,19,40,38.755329047722775,1.460399999976147,43,0.03448470476683063,0.17474126598937012,5.79,16.141509433962263,40.764150943396224,gentle_curve,0.1842430133221935,0.02892515902959847,2.8981933933207813,0.1428775998340841,9,0,38.04806210156412,40.9462554948849,5.042226962720171,False,cruise_speed,14,3,t3_20261002_094739,alive,parallel_offset_t3_rebuild,1002-11dad5e1,/home/datawave/Work_AI/슬리더/runs/t3_20261002_094739/slp_03_log.json.gz
90.883,490,19,39,37.364536759817675,1.4755999999642597,44,0.03086256617170413,0.22123164491932368,5.79,16.141509433962263,40.764150943396224,gentle_curve,0.26936307154126915,0.041034627266535395,2.6333089104803094,0.12190934216783944,10,0,36.40318159961337,39.03649051009368,6.237244628782405,False,cruise_speed,14,3,t3_20261002_094739,alive,parallel_offset_t3_rebuild,1002-11dad5e1,/home/datawave/Work_AI/슬리더/runs/t3_20261002_094739/slp_03_log.json.gz
109.761,490,26,40,38.14437294333403,1.482300000011918,39,0.038099248584021694,0.48486563610997635,5.79,16.278301886792455,40.764150943396224,gentle_curve,0.5229814659993339,0.0845253809859754,2.5913413583610634,0.10075972297245173,11,0,36.39950391851472,38.99084527687578,7.99952872887324,False,cruise_speed,14,3,t3_20261002_094739,alive,parallel_offset_t3_rebuild,1002-11dad5e1,/home/datawave/Work_AI/슬리더/runs/t3_20261002_094739/slp_03_log.json.gz
118.342,490,28,40,39.00204540274097,1.4800000000000182,43,0.028666258485104734,0.2825964654189015,5.79,16.41509433962264,40.90094339622642,gentle_curve,0.2940959649530068,0.04799504237940777,2.9795514250239705,0.07504973343148968,12,0,37.52345872576473,40.503010150788704,6.952282578571117,False,cruise_speed,14,3,t3_20261002_094739,alive,parallel_offset_t3_rebuild,1002-11dad5e1,/home/datawave/Work_AI/슬리더/runs/t3_20261002_094739/slp_03_log.json.gz
119.855,490,28,39,38.98560429087791,1.486300000011937,42,0.018585929366151888,0.2098642712453067,5.79,16.41509433962264,40.90094339622642,gentle_curve,0.25780814984233746,0.04022904172339281,2.0174521206695175,0.07570048251500161,13,0,37.72392166123887,39.741373781908386,6.099614596208522,False,cruise_speed,14,3,t3_20261002_094739,alive,parallel_offset_t3_rebuild,1002-11dad5e1,/home/datawave/Work_AI/슬리더/runs/t3_20261002_094739/slp_03_log.json.gz
137.125,490,31,40,39.20475334779819,0.7858999999761522,23,0.028638829794870535,0.26188763585037655,5.79,16.68867924528302,41.0377358490566,gentle_curve,0.29492311265417026,0.04604290501320918,2.2824486462723144,0.07690005128722088,14,0,37.8440609102809,40.126509556553216,7.6843314846852735,False,cruise_speed,14,3,t3_20261002_094739,alive,parallel_offset_t3_rebuild,1002-11dad5e1,/home/datawave/Work_AI/슬리더/runs/t3_20261002_094739/slp_03_log.json.gz
50.593,238,11,35,35.43382076080045,1.4896999999880904,44,0.014915701722630459,0.054799767521512166,5.79,16.278301886792455,31.599056603773583,gentle_curve,0.120273267010238,0.010031912597140646,2.9108872190771535,0.094686065152775,1,0,34.45926096599678,37.37014818507394,3.920166801982858,False,cruise_speed,9.11111111111111,3,t3_20261002_095256,alive,parallel_offset_t3_rebuild,1002-11dad5e1,/home/datawave/Work_AI/슬리더/runs/t3_20261002_095256/slp_03_log.json.gz
107.056,347,34,35,36.92629193052223,1.1398999999761656,33,0.02246754517928551,0.29679386359334003,5.833333333333333,17.37264150943396,37.4811320754717,gentle_curve,0.39356383317173727,0.06540283772220246,2.812042859461471,0.10484602559161971,2,0,35.77127008407955,38.583312943541024,4.860640627369308,False,cruise_speed,6.388888888888889,3,t3_20261002_095256,alive,parallel_offset_t3_rebuild,1002-11dad5e1,/home/datawave/Work_AI/슬리더/runs/t3_20261002_095256/slp_03_log.json.gz
115.071,347,34,34,35.75880384475654,1.4783000000119273,46,0.019592162887759557,0.1315280826187193,5.833333333333333,17.37264150943396,39.66981132075472,gentle_curve,0.32548194167810607,0.046682047397329285,2.979516967906463,0.16504728366141963,3,0,33.89352325258325,36.87304022048971,6.753572179584106,False,cruise_speed,6.444444444444445,3,t3_20261002_095256,alive,parallel_offset_t3_rebuild,1002-11dad5e1,/home/datawave/Work_AI/슬리더/runs/t3_20261002_095256/slp_03_log.json.gz
121.089,347,34,33,34.98618949369363,1.4866000000238557,45,0.023743797653381193,0.25284318081242496,5.833333333333333,17.50943396226415,40.35377358490565,gentle_curve,0.3260351927760681,0.0536501479651168,2.248876878957091,0.07154486401694626,4,0,34.096918593419375,36.345795472376466,4.857392945073752,False,cruise_speed,6.444444444444445,3,t3_20261002_095256,alive,parallel_offset_t3_rebuild,1002-11dad5e1,/home/datawave/Work_AI/슬리더/runs/t3_20261002_095256/slp_03_log.json.gz
122.612,347,34,32,33.86485577835617,1.481399999976162,45,0.01465766192729312,0.22193324857435126,5.833333333333333,17.50943396226415,40.35377358490565,gentle_curve,0.2757700384046444,0.04627983443626249,2.5945069387533977,0.07150165440517853,5,0,33.090597121416565,35.68510406016996,3.9381658448014316,False,cruise_speed,7.166666666666667,3,t3_20261002_095256,alive,parallel_offset_t3_rebuild,1002-11dad5e1,/home/datawave/Work_AI/슬리더/runs/t3_20261002_095256/slp_03_log.json.gz
36.831,96,6,35,35.698753756823706,1.4872000000476646,44,0.016790637513445006,0.06410122126752249,5.79,15.047169811320755,56.08490566037736,gentle_curve,0.10909803633540083,0.013526729460718201,2.5667741386998415,0.19757232075195663,1,1,34.01392593500398,36.580700073703824,6.6560778442122635,False,cruise_speed,6.933,4,t3_20261002_095256,alive,parallel_offset_t3_rebuild,1002-11dad5e1,/home/datawave/Work_AI/슬리더/runs/t3_20261002_095256/slp_04_log.json.gz
59.604,260,11,35,35.49330100634106,1.492600000023856,44,0.020256809333910386,0.23912093147205926,5.777777777777778,15.183962264150946,50.06603773584906,gentle_curve,0.30551617728001546,0.04749974932825474,2.931380622278553,0.09842073297460718,2,1,34.025429000187366,36.95680962246592,6.9172726594324105,False,cruise_speed,14,4,t3_20261002_095256,alive,parallel_offset_t3_rebuild,1002-11dad5e1,/home/datawave/Work_AI/슬리더/runs/t3_20261002_095256/slp_04_log.json.gz
67.615,1,12,35,33.36880117601008,1.4849000000357933,45,0.02022962781215476,0.26142193453448925,5.777777777777778,15.183962264150946,43.36320754716981,gentle_curve,0.33817065697247184,0.04964522831459739,2.767342163095627,0.1234288345091894,3,1,32.4831844546232,35.250526617718826,7.074435660204259,False,cruise_speed,6.555555555555555,4,t3_20261002_095256,alive,parallel_offset_t3_rebuild,1002-11dad5e1,/home/datawave/Work_AI/슬리더/runs/t3_20261002_095256/slp_04_log.json.gz
84.111,96,13,35,33.162610984366246,1.48599999999999,45,0.01573347352566401,0.05363161382943815,5.777777777777778,15.320754716981131,56.35849056603774,straight,0.10350025408975227,0.013264915292368507,2.714826661025384,0.12482238240550103,4,1,31.92648784474479,34.641314505770175,3.194142873465013,False,cruise_speed,6.944444444444445,4,t3_20261002_095256,alive,parallel_offset_t3_rebuild,1002-11dad5e1,/home/datawave/Work_AI/슬리더/runs/t3_20261002_095256/slp_04_log.json.gz
99.661,96,16,35,33.1010267499883,1.4851999999880832,46,0.013454238194637647,0.1081735901579961,5.777777777777778,15.047169811320755,56.35849056603774,gentle_curve,0.17907540773865005,0.02303009087165897,2.8261715197148902,0.1240092442844265,5,1,31.976876383384017,34.80304790309891,2.981523862470124,False,cruise_speed,6.944444444444445,4,t3_20261002_095256,alive,parallel_offset_t3_rebuild,1002-11dad5e1,/home/datawave/Work_AI/슬리더/runs/t3_20261002_095256/slp_04_log.json.gz
64.817,436,10,35,33.21374782383855,1.483000000000004,46,0.011850802340134692,0.09706953209226743,5.777777777777778,16.278301886792455,48.56132075471698,gentle_curve,0.1289855916644873,0.017883539389508485,2.488987817150587,0.15395163311293736,1,1,31.939304495953614,34.4282923131042,4.580571721504111,False,cruise_speed,12.833333333333334,6,t3_20261002_095256,alive,parallel_offset_t3_rebuild,1002-11dad5e1,/home/datawave/Work_AI/슬리더/runs/t3_20261002_095256/slp_06_log.json.gz
46.155,392,14,32,30.175787472561247,1.4743000000119153,43,0.031391866802760404,0.11145488747526322,5.79,16.55188679245283,33.514150943396224,gentle_curve,0.11652130061002008,0.0193066896176175,2.762124246323367,0.17652422541533674,1,0,29.04308944251614,31.80521368883951,5.674295443222285,False,cruise_speed,14,1,t3_20261002_100238,alive,parallel_offset_t3_rebuild,1002-11dad5e1,/home/datawave/Work_AI/슬리더/runs/t3_20261002_100238/slp_01_log.json.gz
47.673,392,14,31,29.540592497902303,0.9260999999642365,28,0.02515522135949766,0.10035415385500812,5.79,16.55188679245283,33.514150943396224,straight,0.10341065252065462,0.017054818434805163,2.286902951804791,0.12063567444481826,2,0,28.83972667604251,31.1266296278473,3.7463883625804106,False,cruise_speed,14,1,t3_20261002_100238,alive,parallel_offset_t3_rebuild,1002-11dad5e1,/home/datawave/Work_AI/슬리더/runs/t3_20261002_100238/slp_01_log.json.gz
30.707,436,7,32,32.052788710574475,1.4899999999999949,44,0.022357430358724617,0.2896953784920395,5.777777777777778,14.910377358490567,41.58490566037736,gentle_curve,0.2977403835642862,0.04513017750412818,2.8007830697571023,0.13319276044715034,1,0,30.62442842332051,33.42521149307761,4.7743018700561075,False,cruise_speed,6.5,2,t3_20261002_100238,alive,parallel_offset_t3_rebuild,1002-11dad5e1,/home/datawave/Work_AI/슬리더/runs/t3_20261002_100238/slp_02_log.json.gz
32.228,436,7,31,31.111970713636495,1.4883999999761528,42,0.01565932234614298,0.18657989024766586,5.777777777777778,14.910377358490567,41.448113207547166,gentle_curve,0.2362442264108191,0.03188579837346861,1.5920440250228722,0.09496912859660567,2,0,30.037944861953548,31.62998888697642,4.071391539875798,False,cruise_speed,6.5,2,t3_20261002_100238,alive,parallel_offset_t3_rebuild,1002-11dad5e1,/home/datawave/Work_AI/슬리더/runs/t3_20261002_100238/slp_02_log.json.gz
34.007,436,7,30,30.483630594649142,1.4819999999999993,44,0.02136458905217342,0.17852109832691365,5.777777777777778,14.910377358490567,41.31132075471698,gentle_curve,0.21682127180964095,0.0301374981832927,2.7469636035124196,0.09268924488561225,3,0,28.57862533660358,31.325588940116,4.706584312420315,False,cruise_speed,14,2,t3_20261002_100238,alive,parallel_offset_t3_rebuild,1002-11dad5e1,/home/datawave/Work_AI/슬리더/runs/t3_20261002_100238/slp_02_log.json.gz
36.064,436,7,29,28.68998644575894,1.4624000000357569,43,0.030130999327934394,0.30093497343639086,5.777777777777778,14.910377358490567,41.31132075471698,gentle_curve,0.32848513243174615,0.04889526754482265,2.8782796023543327,0.18236923030628605,4,0,26.838774714701103,29.717054317055435,5.177223772957636,False,cruise_speed,14,2,t3_20261002_100238,alive,parallel_offset_t3_rebuild,1002-11dad5e1,/home/datawave/Work_AI/슬리더/runs/t3_20261002_100238/slp_02_log.json.gz
64.3,433,97,32,30.439086063012233,0.7535000000000025,22,0.013121003439955814,0.40699901667143656,5.777777777777778,16.141509433962263,46.235849056603776,gentle_curve,0.4336621259564639,0.06743929931305281,2.562251365481842,0.08005386411513626,1,0,28.43431793944776,30.9965693049296,5.8822615943606165,False,cruise_speed,6.611111111111111,3,t3_20261002_100238,alive,parallel_offset_t3_rebuild,1002-11dad5e1,/home/datawave/Work_AI/슬리더/runs/t3_20261002_100238/slp_03_log.json.gz
72.067,433,97,31,29.767486451716557,1.4781999999880782,44,0.012737071070820782,0.3212448145490603,5.777777777777778,16.141509433962263,46.235849056603776,gentle_curve,0.36671704601235966,0.058524943123643425,2.4824725599053465,0.10384920723805635,2,0,28.01862427210343,30.501096832008777,4.536500641648369,False,cruise_speed,6.611111111111111,3,t3_20261002_100238,alive,parallel_offset_t3_rebuild,1002-11dad5e1,/home/datawave/Work_AI/슬리더/runs/t3_20261002_100238/slp_03_log.json.gz
73.581,433,97,30,29.623527244893744,1.4898000000119112,44,0.023690282987839595,0.1996639053562772,5.777777777777778,16.141509433962263,46.235849056603776,gentle_curve,0.2577653016772494,0.03875843843344473,2.702469718009638,0.08413115591262876,3,0,27.98077490656484,30.683244624574478,5.475784838980688,False,cruise_speed,6.611111111111111,3,t3_20261002_100238,alive,parallel_offset_t3_rebuild,1002-11dad5e1,/home/datawave/Work_AI/슬리더/runs/t3_20261002_100238/slp_03_log.json.gz
75.102,433,97,29,28.256973260650845,1.491199999988055,43,0.01935737275404792,0.20459435988081864,5.777777777777778,16.141509433962263,46.235849056603776,gentle_curve,0.2998590065739144,0.042772709299560674,2.9626164011660876,0.10392223208937157,4,0,26.752857677742348,29.715474078908436,4.287115968108,False,cruise_speed,6.611111111111111,3,t3_20261002_100238,alive,parallel_offset_t3_rebuild,1002-11dad5e1,/home/datawave/Work_AI/슬리더/runs/t3_20261002_100238/slp_03_log.json.gz
76.783,433,97,28,26.569111953496723,1.4902999999523274,43,0.021119497913175245,0.46153293096390513,5.777777777777778,16.141509433962263,46.235849056603776,gentle_curve,0.4988131687252837,0.08259235103108598,2.981351942691333,0.11789370551582223,5,0,24.917538736355844,27.898890679047177,9.27883074951371,False,cruise_speed,9.833333333333334,3,t3_20261002_100238,alive,parallel_offset_t3_rebuild,1002-11dad5e1,/home/datawave/Work_AI/슬리더/runs/t3_20261002_100238/slp_03_log.json.gz
102.425,359,110,32,33.578236986158146,1.487299999952313,42,0.01485373176317717,0.1469579413994051,5.833333333333333,20.245283018867926,44.04716981132076,gentle_curve,0.26622237013731986,0.053918538435476115,2.164578591156392,0.06522292855844825,6,0,32.225990631496096,34.39056922265249,4.439716060868918,False,cruise_speed,14,3,t3_20261002_100238,alive,parallel_offset_t3_rebuild,1002-11dad5e1,/home/datawave/Work_AI/슬리더/runs/t3_20261002_100238/slp_03_log.json.gz
103.946,359,110,31,32.01875172774344,1.4836999999880618,43,0.022807244331773724,0.08657550789503077,5.833333333333333,20.382075471698112,44.18396226415094,gentle_curve,0.14378618896052497,0.024702849822003436,2.6178602274472027,0.11782158745400739,7,0,30.326186692412158,32.94404691985936,3.8197625562312125,False,cruise_speed,14,3,t3_20261002_100238,alive,parallel_offset_t3_rebuild,1002-11dad5e1,/home/datawave/Work_AI/슬리더/runs/t3_20261002_100238/slp_03_log.json.gz
106.416,359,110,30,28.553687917323508,1.4682000000476592,43,0.019655711957938138,0.4036089603288824,5.833333333333333,20.382075471698112,44.18396226415094,gentle_curve,0.4450383618594085,0.09051118761480659,2.473717763736616,0.1026564058456021,8,0,27.17924821015996,29.652965973896578,7.577104020809222,False,cruise_speed,6.555555555555555,3,t3_20261002_100238,alive,parallel_offset_t3_rebuild,1002-11dad5e1,/home/datawave/Work_AI/슬리더/runs/t3_20261002_100238/slp_03_log.json.gz
108.492,359,110,29,27.56202983835535,1.472900000035736,44,0.024720553155326286,0.3829135921429785,5.833333333333333,20.382075471698112,44.320754716981135,gentle_curve,0.4405414723012475,0.08928774515412297,2.783443447740538,0.056958072137653915,9,0,26.326811229593737,29.110254677334275,6.234883242288299,False,cruise_speed,6.555555555555555,3,t3_20261002_100238,alive,parallel_offset_t3_rebuild,1002-11dad5e1,/home/datawave/Work_AI/슬리더/runs/t3_20261002_100238/slp_03_log.json.gz
132.492,96,126,32,32.111196596505515,1.478600000023846,43,0.017913979263433966,0.08343476688394169,5.833333333333333,20.5188679245283,58.95754716981131,straight,0.08904189681685537,0.018352117284796243,2.9613705187430526,0.10331991298981791,10,0,30.669403209720677,33.63077372846373,5.17590932954323,False,cruise_speed,7,3,t3_20261002_100238,alive,parallel_offset_t3_rebuild,1002-11dad5e1,/home/datawave/Work_AI/슬리더/runs/t3_20261002_100238/slp_03_log.json.gz
134.011,96,126,31,31.47353312653248,1.489500000000021,44,0.01481942532118996,0.035411594131279145,5.833333333333333,20.5188679245283,58.95754716981131,straight,0.07815289814528725,0.014330680051988232,1.614964197554258,0.07360485480974965,11,0,30.380852739074406,31.995816936628664,3.031870135395666,False,cruise_speed,7,3,t3_20261002_100238,alive,parallel_offset_t3_rebuild,1002-11dad5e1,/home/datawave/Work_AI/슬리더/runs/t3_20261002_100238/slp_03_log.json.gz
38.926,239,16,32,32.48506018209851,1.4543999999761468,45,0.015424982346035065,0.21756408153562656,5.777777777777778,15.320754716981131,29.273584905660382,gentle_curve,0.300217447225652,0.047860726777843254,2.550495904396154,0.0851410177660874,1,0,31.113848872838563,33.66434477723472,5.37979331353002,False,cruise_speed,10.166666666666666,4,t3_20261002_100238,alive,parallel_offset_t3_rebuild,1002-11dad5e1,/home/datawave/Work_AI/슬리더/runs/t3_20261002_100238/slp_04_log.json.gz
49.845,96,5,16,14.794829866332634,0.7681000000238782,24,0.015327082289356753,0.020312859963231844,5.79,15.320754716981131,60.325471698113205,straight,0.02894950597335999,0.003401986544746549,1.8088648039505983,0.061200168534975674,1,0,14.372408391559233,16.18127319550983,4.95499054201279,False,cruise_speed,7,6,t3_20261002_101048,alive,parallel_offset_t3_rebuild,1002-11dad5e1,/home/datawave/Work_AI/슬리더/runs/t3_20261002_101048/slp_06_log.json.gz
51.349,96,5,15,14.15868859455297,1.4720999999642572,45,0.024876275125286895,0.0055829787353038896,5.79,15.320754716981131,60.325471698113205,straight,0.013260276280124828,0.0015497566641720084,1.8788058409428743,0.09863560587513476,2,0,12.950060999541492,14.828866840484366,4.433237238228609,False,cruise_speed,7,6,t3_20261002_101048,alive,parallel_offset_t3_rebuild,1002-11dad5e1,/home/datawave/Work_AI/슬리더/runs/t3_20261002_101048/slp_06_log.json.gz
52.871,96,5,14,12.816655490848987,1.4743000000119082,45,0.021227243717190092,0.01116233080225193,5.79,15.320754716981131,60.325471698113205,straight,0.012760452435330194,0.0019934187286274607,2.879205202532148,0.1533800949618893,3,0,11.610063601182603,14.48926880371475,5.163902939253211,False,cruise_speed,7,6,t3_20261002_101048,alive,parallel_offset_t3_rebuild,1002-11dad5e1,/home/datawave/Work_AI/슬리더/runs/t3_20261002_101048/slp_06_log.json.gz
54.394,96,5,13,11.967252808330315,1.489499999999964,43,0.020260280142252896,0.011461639231063359,5.79,15.320754716981131,60.325471698113205,straight,0.012537045716344508,0.0019934186590138125,2.0415837442129288,0.07519796305802195,4,0,11.235225916966328,13.276809661179257,4.436981313741558,False,cruise_speed,7,6,t3_20261002_101048,alive,parallel_offset_t3_rebuild,1002-11dad5e1,/home/datawave/Work_AI/슬리더/runs/t3_20261002_101048/slp_06_log.json.gz
55.915,96,5,12,10.223616069298629,1.48159999996426,39,0.019192212264592,0.009722681093692565,5.79,15.320754716981131,60.325471698113205,straight,0.013216311001973402,0.0019384575430994033,2.503328514797488,0.14846416725491096,5,0,9.623960738141463,12.12728925293895,3.0350717022399016,False,cruise_speed,7,6,t3_20261002_101048,alive,parallel_offset_t3_rebuild,1002-11dad5e1,/home/datawave/Work_AI/슬리더/runs/t3_20261002_101048/slp_06_log.json.gz
57.428,96,5,11,9.779245646527343,1.4873999999761054,45,0.01341912219828778,0.013660745363937465,5.79,15.320754716981131,60.325471698113205,straight,0.013852647386890737,0.002169106252060793,2.367984555627231,0.13075239548486906,6,0,8.260547994957165,10.628532550584396,4.228090640870178,False,cruise_speed,7,6,t3_20261002_101048,alive,parallel_offset_t3_rebuild,1002-11dad5e1,/home/datawave/Work_AI/슬리더/runs/t3_20261002_101048/slp_06_log.json.gz
58.952,96,5,10,8.623617766364575,1.2671999999880654,39,0.014017544187346687,0.018477616707752276,5.79,15.320754716981131,60.325471698113205,straight,0.031062185806136178,0.004017052731137838,2.4656902259516187,0.09424542835514416,7,0,8.094021520683327,10.559711746634946,3.0989948085621104,False,cruise_speed,11.055555555555555,6,t3_20261002_101048,alive,parallel_offset_t3_rebuild,1002-11dad5e1,/home/datawave/Work_AI/슬리더/runs/t3_20261002_101048/slp_06_log.json.gz
60.469,96,5,9,7.974945215235138,1.392500000000041,41,0.02243075638043379,0.06427310289582167,5.79,15.320754716981131,60.325471698113205,gentle_curve,0.11175227240165686,0.014296994236286942,2.6117769350498605,0.10523756761728364,8,0,7.227500606068901,9.839277541118761,4.532088377939113,False,cruise_speed,7,6,t3_20261002_101048,alive,parallel_offset_t3_rebuild,1002-11dad5e1,/home/datawave/Work_AI/슬리더/runs/t3_20261002_101048/slp_06_log.json.gz
61.99,96,5,8,6.494380159465663,1.4644999999999868,43,0.022878261894401675,0.19203601975630846,5.79,15.320754716981131,60.325471698113205,gentle_curve,0.2915445765069453,0.03930211118421223,2.900993915715219,0.14972901179480758,9,0,5.551354356903715,8.452348272618934,5.011070516456627,False,cruise_speed,,6,t3_20261002_101048,alive,parallel_offset_t3_rebuild,1002-11dad5e1,/home/datawave/Work_AI/슬리더/runs/t3_20261002_101048/slp_06_log.json.gz
57.81,507,48,16,16.28033974955349,0.7631000000238402,21,0.022692170882485208,0.11490660035837585,5.777777777777778,15.867924528301886,42.67924528301887,gentle_curve,0.13443907217982431,0.021665159480120266,1.897103473975534,0.06803610664633286,1,0,15.726402186645444,17.623505660620978,4.082962762246807,False,cruise_speed,8.444444444444445,1,t3_20261002_101736,alive,parallel_offset_t3_rebuild,1002-11dad5e1,/home/datawave/Work_AI/슬리더/runs/t3_20261002_101736/slp_01_log.json.gz
14.473,72,1,16,15.541604575764161,1.495199999988074,44,0.027306236380837845,0.02867679940689616,5.79,14.773584905660377,45.55188679245283,straight,0.05927286605735205,0.006322317764577257,2.703327455501274,0.09450996867828199,1,0,14.56810310230209,17.271430557803363,5.1265952738182685,False,cruise_speed,6.639,5,t3_20261002_101736,alive,parallel_offset_t3_rebuild,1002-11dad5e1,/home/datawave/Work_AI/슬리더/runs/t3_20261002_101736/slp_05_log.json.gz
24.854,375,41,16,16.335446159930164,1.4931000000238441,45,0.019439621592581613,0.21270190899099628,5.79,14.910377358490567,41.85849056603774,gentle_curve,0.5038386206901384,0.060774163124679426,2.7094048711775116,0.11260235880571612,2,0,14.318166761048225,17.027571632225737,4.656157031584993,False,cruise_speed,6.5,5,t3_20261002_101736,alive,parallel_offset_t3_rebuild,1002-11dad5e1,/home/datawave/Work_AI/슬리더/runs/t3_20261002_101736/slp_05_log.json.gz
26.615,375,41,15,13.90320124266821,1.493799999952273,46,0.023410153788350208,0.45445577331804543,5.79,14.910377358490567,41.85849056603774,gentle_curve,0.5126501647974973,0.08085442278797839,2.5353843122510256,0.1262494852301863,3,0,12.401014760298473,14.936399072549499,3.254107062594907,False,cruise_speed,9.166666666666666,5,t3_20261002_101736,alive,parallel_offset_t3_rebuild,1002-11dad5e1,/home/datawave/Work_AI/슬리더/runs/t3_20261002_101736/slp_05_log.json.gz
55.661,316,100,16,16.25423369276067,0.7783000000118818,24,0.024355578496634056,0.22615174057595944,5.777777777777778,15.183962264150946,61.830188679245275,gentle_curve,0.23245896594113802,0.03480497027628715,1.8731801141245654,0.07242175436500276,4,0,15.0860551558874,16.959235270011966,5.172684855781764,False,cruise_speed,14,5,t3_20261002_101736,alive,parallel_offset_t3_rebuild,1002-11dad5e1,/home/datawave/Work_AI/슬리더/runs/t3_20261002_101736/slp_05_log.json.gz
57.857,316,100,15,13.729568491419123,1.474599999964255,46,0.02902371162811157,0.3697348708306425,5.777777777777778,15.183962264150946,61.830188679245275,gentle_curve,0.48631033624251074,0.06785310564654168,2.96568406374449,0.13558669627734377,5,0,12.36870075613384,15.33438481987833,6.32111275073199,False,cruise_speed,8.722222222222221,5,t3_20261002_101736,alive,parallel_offset_t3_rebuild,1002-11dad5e1,/home/datawave/Work_AI/슬리더/runs/t3_20261002_101736/slp_05_log.json.gz
22.356,142,3,15,13.391929649258348,1.472199999988078,44,0.0322187284933797,0.26133366777943046,5.79,14.910377358490567,30.09433962264151,gentle_curve,0.2693910376167654,0.0408043412460648,2.504954980163248,0.10846926280114033,1,0,12.209227569215106,14.714182549378354,7.278985443424527,False,cruise_speed,10.5,1,t3_20261002_102528,alive,parallel_offset_t3_rebuild,1002-11dad5e1,/home/datawave/Work_AI/슬리더/runs/t3_20261002_102528/slp_01_log.json.gz
28.266,463,1,15,13.682365257519812,1.478600000023846,46,0.03238868690161567,0.18823203200008543,5.79,15.047169811320755,53.89622641509434,gentle_curve,0.19569043001424724,0.029302091100239736,2.7284444837499677,0.09416108134446333,1,0,12.730755713096606,15.459200196846574,5.936761847989888,False,cruise_speed,,3,t3_20261002_102528,alive,parallel_offset_t3_rebuild,1002-11dad5e1,/home/datawave/Work_AI/슬리더/runs/t3_20261002_102528/slp_03_log.json.gz
29.786,463,1,14,12.880591099926228,1.4892999999523227,46,0.013842419489652258,0.08263658088568526,5.79,15.047169811320755,53.89622641509434,gentle_curve,0.1527299768960919,0.020443483639797755,1.9916912855637179,0.08023165969292378,2,0,12.019662386246772,14.01135367181049,2.920060299936985,False,cruise_speed,,3,t3_20261002_102528,alive,parallel_offset_t3_rebuild,1002-11dad5e1,/home/datawave/Work_AI/슬리더/runs/t3_20261002_102528/slp_03_log.json.gz
31.304,463,1,13,12.370085324746618,1.4869999999999948,44,0.012675364557054536,0.021127201420322095,5.79,15.183962264150946,53.89622641509434,straight,0.09247288836624978,0.010237980789666423,2.8005278022915263,0.17017411392258275,3,0,11.166457266112907,13.966985068404433,3.4818027640873654,False,cruise_speed,,3,t3_20261002_102528,alive,parallel_offset_t3_rebuild,1002-11dad5e1,/home/datawave/Work_AI/슬리더/runs/t3_20261002_102528/slp_03_log.json.gz
32.826,463,1,12,11.76035149872066,1.488399999976167,45,0.022857787233798277,0.17378633887306005,5.79,15.183962264150946,53.89622641509434,gentle_curve,0.2108480408945521,0.03146925551300317,2.872443669012185,0.09979978564846625,4,0,9.943366745986673,12.815810414998857,4.886377404306084,False,cruise_speed,,3,t3_20261002_102528,alive,parallel_offset_t3_rebuild,1002-11dad5e1,/home/datawave/Work_AI/슬리더/runs/t3_20261002_102528/slp_03_log.json.gz
34.511,463,1,11,9.077446031288467,0.7589000000357657,24,0.035181344914605006,0.1940912201927789,5.79,15.183962264150946,53.89622641509434,gentle_curve,0.20627384550389039,0.03092771456420529,2.4871078179049135,0.09072449698951601,5,0,7.958954077977786,10.4460618958827,6.443392730733889,False,cruise_speed,,3,t3_20261002_102528,alive,parallel_offset_t3_rebuild,1002-11dad5e1,/home/datawave/Work_AI/슬리더/runs/t3_20261002_102528/slp_03_log.json.gz
70.249,320,96,15,16.01423795654268,1.4921999999880882,45,0.012919296494435795,0.07910480300357126,5.777777777777778,15.183962264150946,42.2688679245283,gentle_curve,0.2395086893761551,0.018199797326023948,2.8822756882391616,0.07362820137495518,1,0,15.049131521176527,17.93140720941569,2.8978484858607585,False,cruise_speed,6.5,4,t3_20261002_102528,alive,parallel_offset_t3_rebuild,1002-11dad5e1,/home/datawave/Work_AI/슬리더/runs/t3_20261002_102528/slp_04_log.json.gz
42.242,189,10,16,15.31176453869697,1.4705000000000013,42,0.02970185487789223,0.03954216481937145,5.79,15.457547169811322,37.61792452830189,gentle_curve,0.1408318121842136,0.016880641607276203,2.943794250734868,0.07684378873499931,1,1,14.195289878085596,17.139084128820464,5.703380707114972,False,cruise_speed,14,1,t3_20261002_103336,alive,parallel_offset_t3_rebuild,1002-11dad5e1,/home/datawave/Work_AI/슬리더/runs/t3_20261002_103336/slp_01_log.json.gz
60.845,131,32,16,15.401689880975631,0.7760000000000105,25,0.03640981559075751,0.20343156741248603,5.79,17.64622641509434,43.910377358490564,gentle_curve,0.2764265353822388,0.04107842947448326,1.9522931708545883,0.07315584056135727,1,1,14.378335274933853,16.33062844578844,6.324214939051583,False,cruise_speed,6.611111111111111,1,t3_20261002_104400,alive,parallel_offset_t3_rebuild,1002-11dad5e1,/home/datawave/Work_AI/슬리더/runs/t3_20261002_104400/slp_01_log.json.gz
71.181,131,33,16,14.21764519683753,1.4775999999642266,45,0.011100670783275035,0.19709635484280064,5.833333333333333,17.64622641509434,43.36320754716981,gentle_curve,0.35238726738336457,0.054325393579770065,2.4703825403648665,0.06328214134192578,2,1,13.169941606039536,15.640324146404403,3.863393521348328,False,cruise_speed,6.611111111111111,1,t3_20261002_104400,alive,parallel_offset_t3_rebuild,1002-11dad5e1,/home/datawave/Work_AI/슬리더/runs/t3_20261002_104400/slp_01_log.json.gz
45.41,299,10,16,17.46668064000793,1.4381999999880861,43,0.015691346257496352,0.005780907363318377,5.79,15.183962264150946,23.93867924528302,straight,0.014965428713093587,0.0017049234941790559,2.93813079880114,0.09347880423751942,1,1,15.926265249625011,18.86439604842615,3.5346120776178944,False,cruise_speed,6.02,2,t3_20261002_104400,alive,parallel_offset_t3_rebuild,1002-11dad5e1,/home/datawave/Work_AI/슬리더/runs/t3_20261002_104400/slp_02_log.json.gz
79.118,322,31,16,14.525621026194472,0.751300000011895,23,0.050485498265830486,0.3248328664010316,5.777777777777778,15.867924528301886,38.43867924528302,gentle_curve,0.41352800379458543,0.0565279261287559,2.6863501776269274,0.13934390913529615,1,1,13.662955224048233,16.34930540167516,8.966298784522536,False,cruise_speed,14,5,t3_20261002_105337,alive,parallel_offset_t3_rebuild,1002-11dad5e1,/home/datawave/Work_AI/슬리더/runs/t3_20261002_105337/slp_05_log.json.gz
94.414,322,36,16,14.02510305200996,1.4879999999999995,46,0.018637371705327865,0.3535555206810024,5.777777777777778,16.004716981132077,37.344339622641506,gentle_curve,0.42770582007385105,0.06564212083456944,2.087161903696739,0.05548349385560458,2,1,13.269604545158593,15.356766448855332,5.147963940087112,False,cruise_speed,14,5,t3_20261002_105337,alive,parallel_offset_t3_rebuild,1002-11dad5e1,/home/datawave/Work_AI/슬리더/runs/t3_20261002_105337/slp_05_log.json.gz
95.919,322,36,15,14.572726677278887,1.4715999999642122,45,0.02497864896869828,0.2955124110591738,5.777777777777778,16.004716981132077,37.20754716981133,gentle_curve,0.3679799234585879,0.054089707775198725,2.41569337741673,0.09689380304529749,3,1,13.029900049411673,15.445593426828403,7.948806820435592,False,cruise_speed,14,5,t3_20261002_105337,alive,parallel_offset_t3_rebuild,1002-11dad5e1,/home/datawave/Work_AI/슬리더/runs/t3_20261002_105337/slp_05_log.json.gz
110.24,322,39,16,14.729182787088384,1.4726999999880945,46,0.02789324915865299,0.37801272943570563,5.777777777777778,16.141509433962263,36.11320754716981,gentle_curve,0.44000461618709785,0.06930388807373333,2.921537860698095,0.19037060815026408,4,1,12.969187380501417,15.890725241199512,5.528369819732587,False,cruise_speed,10.61111111111111,5,t3_20261002_105337,alive,parallel_offset_t3_rebuild,1002-11dad5e1,/home/datawave/Work_AI/슬리더/runs/t3_20261002_105337/slp_05_log.json.gz
28.158,252,19,16,14.73513227208634,1.474600000023841,44,0.019715891909852346,0.4156881615084753,5.79,15.183962264150946,56.7688679245283,gentle_curve,0.4318419825852189,0.06790822494214055,2.542672595948787,0.10729504672422685,1,1,13.067277377553715,15.609949973502502,4.428697868881493,False,cruise_speed,6.944444444444445,1,t3_20261002_110217,alive,parallel_offset_t3_rebuild,1002-11dad5e1,/home/datawave/Work_AI/슬리더/runs/t3_20261002_110217/slp_01_log.json.gz
42.176,143,5,16,16.906940301207257,0.7651999999880701,24,0.02489459316630871,0.04513271740293945,5.777777777777778,15.047169811320755,42.67924528301887,straight,0.047551637413802084,0.007312278958631069,2.870951578987956,0.061302236566568524,1,1,16.080499409920236,18.951450988908192,5.536034463406689,False,cruise_speed,6.5,2,t3_20261002_110740,alive,parallel_offset_t3_rebuild,1002-11dad5e1,/home/datawave/Work_AI/슬리더/runs/t3_20261002_110740/slp_02_log.json.gz
9.936,39,1,16,14.798598285905037,1.4858999999761693,46,0.03875153721367841,0.2372155709289956,5.79,14.636792452830191,38.028301886792455,gentle_curve,0.28952163959388777,0.03958082102831195,2.8366951766324604,0.10362556197112305,1,1,13.56252542249782,16.39922059913028,6.385849532623801,False,cruise_speed,8.777777777777779,5,t3_20261002_110740,alive,parallel_offset_t3_rebuild,1002-11dad5e1,/home/datawave/Work_AI/슬리더/runs/t3_20261002_110740/slp_05_log.json.gz
27.857,176,4,16,15.20954299729648,1.4885999999642365,46,0.028976189898324733,0.33179626865456946,5.777777777777778,15.047169811320755,42.95283018867924,gentle_curve,0.3806855051698168,0.05471907492234873,2.6113476639528983,0.14700673501914352,2,1,13.974415279013101,16.585762942966,7.461220638610982,False,cruise_speed,6.555555555555555,5,t3_20261002_110740,alive,parallel_offset_t3_rebuild,1002-11dad5e1,/home/datawave/Work_AI/슬리더/runs/t3_20261002_110740/slp_05_log.json.gz
29.385,176,4,15,13.37972437375079,1.4771999999880734,45,0.014520919203835803,0.37696861223301603,5.777777777777778,15.047169811320755,42.95283018867924,gentle_curve,0.3909282442376565,0.062035013949761186,1.772939284553786,0.09546829891370834,3,1,12.409529397601759,14.182468682155545,4.347479516570657,False,cruise_speed,6.555555555555555,5,t3_20261002_110740,alive,parallel_offset_t3_rebuild,1002-11dad5e1,/home/datawave/Work_AI/슬리더/runs/t3_20261002_110740/slp_05_log.json.gz
33.61,241,5,16,17.122024013136475,1.4696999999880802,45,0.01833459779166091,0.0866782828398458,5.79,15.047169811320755,41.17452830188679,gentle_curve,0.21050780455532525,0.023751429207997,2.3571292312358736,0.14181587608131885,1,0,16.050399254832747,18.40752848606862,4.851002587741254,False,cruise_speed,8.777777777777779,3,t3_20261002_111437,alive,parallel_offset_t3_rebuild,1002-11dad5e1,/home/datawave/Work_AI/슬리더/runs/t3_20261002_111437/slp_03_log.json.gz
63.453,172,10,16,14.101579163574115,0.7583000000119,23,0.0329293916040001,0.2044291079691245,5.777777777777778,15.867924528301886,39.39622641509435,gentle_curve,0.22848979443485717,0.034004735085154,1.9154277184180444,0.07742083436965075,1,0,13.474532482678072,15.389960201096116,5.763341193798025,False,cruise_speed,14,6,t3_20261002_111437,alive,parallel_offset_t3_rebuild,1002-11dad5e1,/home/datawave/Work_AI/슬리더/runs/t3_20261002_111437/slp_06_log.json.gz
22.884,506,44,16,16.136288187908967,1.4903999999761623,46,0.01909920317674718,0.14320625923759422,5.79,14.910377358490567,46.235849056603776,gentle_curve,0.21569508665547588,0.027736001024829093,2.7889374477924775,0.06124662559392391,1,0,15.456818553432477,18.245756001224954,2.946181364812342,False,cruise_speed,6.611111111111111,3,t3_20261002_112043,alive,parallel_offset_t3_rebuild,1002-11dad5e1,/home/datawave/Work_AI/슬리더/runs/t3_20261002_112043/slp_03_log.json.gz
24.4,506,44,15,15.56655733806651,1.4855999999642364,46,0.01511213481426621,0.03688016588138865,5.79,15.047169811320755,46.235849056603776,straight,0.07918806914523202,0.009556284600377829,1.6287089231753242,0.0803462935545931,2,0,14.700583122915013,16.329292046090337,3.2948182571932567,False,cruise_speed,13.38888888888889,3,t3_20261002_112043,alive,parallel_offset_t3_rebuild,1002-11dad5e1,/home/datawave/Work_AI/슬리더/runs/t3_20261002_112043/slp_03_log.json.gz
25.934,506,44,14,15.274980151180706,1.4869000000357602,45,0.015056875759993815,0.00960773663097747,5.79,15.047169811320755,46.235849056603776,straight,0.028608420391690537,0.003019809437665444,2.686275095232375,0.10852107732699601,3,0,13.832872781457489,16.519147876689864,3.061835519648768,False,cruise_speed,10.88888888888889,3,t3_20261002_112043,alive,parallel_offset_t3_rebuild,1002-11dad5e1,/home/datawave/Work_AI/슬리더/runs/t3_20261002_112043/slp_03_log.json.gz
27.458,506,44,13,13.92745201254413,1.4711999999880732,46,0.018527765951857234,0.07438025201095222,5.79,15.047169811320755,46.235849056603776,gentle_curve,0.13793675689798413,0.016968960934029553,2.0531577482235406,0.0626756401366686,4,0,12.7373641890835,14.790521937307041,3.4088051585467105,False,cruise_speed,8.777777777777779,3,t3_20261002_112043,alive,parallel_offset_t3_rebuild,1002-11dad5e1,/home/datawave/Work_AI/슬리더/runs/t3_20261002_112043/slp_03_log.json.gz
47.862,292,49,16,14.817079914293046,1.49289999997616,45,0.019295727154091225,0.3009884552204971,5.79,15.457547169811322,45.9622641509434,gentle_curve,0.38022430994316103,0.053968057170103556,2.8511111524591826,0.0957506983927221,5,0,13.412320780575342,16.263431933034525,5.080938011894383,False,cruise_speed,10.38888888888889,3,t3_20261002_112043,alive,parallel_offset_t3_rebuild,1002-11dad5e1,/home/datawave/Work_AI/슬리더/runs/t3_20261002_112043/slp_03_log.json.gz
60.352,292,15,16,15.522273205971999,0.7833999999761545,25,0.03298599251248202,0.2134356931048247,5.777777777777778,15.320754716981131,43.910377358490564,gentle_curve,0.24751753323841097,0.033341440928818855,2.695446518606019,0.10067709254272073,1,0,14.47459518417908,17.1700417027851,6.8591924404611895,False,cruise_speed,11.38888888888889,4,t3_20261002_112043,alive,parallel_offset_t3_rebuild,1002-11dad5e1,/home/datawave/Work_AI/슬리더/runs/t3_20261002_112043/slp_04_log.json.gz
17.696,338,2,16,17.969756714966373,1.4866000000238273,46,0.010946007236579902,0.06750966757723731,5.79,14.773584905660377,35.97641509433962,gentle_curve,0.21379160581381385,0.023501177449046118,2.907697920789424,0.06812172644378123,1,0,16.919226092385315,19.82692401317474,1.981508509628832,False,cruise_speed,,5,t3_20261002_112043,alive,parallel_offset_t3_rebuild,1002-11dad5e1,/home/datawave/Work_AI/슬리더/runs/t3_20261002_112043/slp_05_log.json.gz
36.96,506,12,16,14.916049197314457,1.4879999999999995,46,0.020439444989755806,0.3363860683526916,5.777777777777778,15.183962264150946,48.69811320754717,gentle_curve,0.47626333678718424,0.06585422248851014,2.808207772808146,0.1278543566552015,1,0,12.807052623118686,15.615260395926832,5.410587822584341,False,cruise_speed,14,6,t3_20261002_112043,alive,parallel_offset_t3_rebuild,1002-11dad5e1,/home/datawave/Work_AI/슬리더/runs/t3_20261002_112043/slp_06_log.json.gz
38.481,506,12,15,14.473961730069085,1.4894000000357437,46,0.01769567395812599,0.14589654231901594,5.777777777777778,15.320754716981131,48.69811320754717,gentle_curve,0.2196303173338343,0.029512189175079584,1.6903318808190733,0.06795027643268226,2,0,13.494990776205917,15.18532265702499,3.028205260224192,False,cruise_speed,14,6,t3_20261002_112043,alive,parallel_offset_t3_rebuild,1002-11dad5e1,/home/datawave/Work_AI/슬리더/runs/t3_20261002_112043/slp_06_log.json.gz
51.678,465,10,16,15.033931906664606,0.7566999999880863,23,0.031794633185957544,0.1894851166339988,5.79,15.59433962264151,43.63679245283019,gentle_curve,0.20796429287983997,0.030577323685996305,2.6657119716652744,0.09207666874178777,1,0,14.323906699495325,16.9896186711606,7.303330399880196,False,cruise_speed,6.737,5,t3_20261002_113306,alive,parallel_offset_t3_rebuild,1002-11dad5e1,/home/datawave/Work_AI/슬리더/runs/t3_20261002_113306/slp_05_log.json.gz
59.891,465,13,16,14.44577654564096,1.4917999999523204,46,0.03594252847071777,0.2567345521893616,5.79,15.59433962264151,43.22641509433962,gentle_curve,0.344030848174655,0.0491211659712576,2.970322194522872,0.1043923799357187,2,0,13.093441121001668,16.06376331552454,5.9643216267164885,False,cruise_speed,6.737,5,t3_20261002_113306,alive,parallel_offset_t3_rebuild,1002-11dad5e1,/home/datawave/Work_AI/슬리더/runs/t3_20261002_113306/slp_05_log.json.gz
103.552,465,16,16,15.343290643965794,1.4888999999761836,46,0.022254244826431346,0.25980450840642977,5.777777777777778,16.141509433962263,40.216981132075475,gentle_curve,0.2978463155583597,0.04608830551937615,2.9909326134762395,0.07475165591935173,3,0,14.46963553263793,17.46056814611417,5.3921271088150835,False,cruise_speed,6.5,5,t3_20261002_113306,alive,parallel_offset_t3_rebuild,1002-11dad5e1,/home/datawave/Work_AI/슬리더/runs/t3_20261002_113306/slp_05_log.json.gz
25.279,465,6,16,15.548182384632788,1.4856999999880713,46,0.02375300789125312,0.2773492421111694,5.79,14.773584905660377,37.20754716981133,gentle_curve,0.3268877476312726,0.04637881615969697,2.8634086117501667,0.10685691871116276,1,0,14.41993798434654,17.283346596096706,4.791838025973355,False,cruise_speed,6.388888888888889,6,t3_20261002_113306,alive,parallel_offset_t3_rebuild,1002-11dad5e1,/home/datawave/Work_AI/슬리더/runs/t3_20261002_113306/slp_06_log.json.gz
26.8,465,6,15,14.857121199316545,1.4883000000119182,46,0.021480931843164797,0.291825962709094,5.79,14.773584905660377,37.07075471698113,gentle_curve,0.29899592313596024,0.04465213454212602,2.3595652042692308,0.11880350395065165,2,0,13.426886497220593,15.786451701489824,5.544349968972803,False,cruise_speed,6.388888888888889,6,t3_20261002_113306,alive,parallel_offset_t3_rebuild,1002-11dad5e1,/home/datawave/Work_AI/슬리더/runs/t3_20261002_113306/slp_06_log.json.gz
21.085,136,28,16,17.923090971641173,1.4848000000119441,44,0.019433073142943513,0.13512067246350412,5.79,14.773584905660377,56.08490566037736,gentle_curve,0.1523240108920163,0.022106502875253398,2.233994934104075,0.13318310891419394,1,0,16.60632685107275,18.840321785176826,4.519202429564286,False,cruise_speed,14,4,t3_20261002_114036,alive,parallel_offset_t3_rebuild,1002-11dad5e1,/home/datawave/Work_AI/슬리더/runs/t3_20261002_114036/slp_04_log.json.gz
31.456,136,28,15,16.2108222508986,0.7683000000119478,24,0.014977064477248447,0.019967600068573788,5.79,14.910377358490567,56.08490566037736,straight,0.029787029411623145,0.0034740758051805543,2.24737252626673,0.11236498010284635,2,0,15.051850155449316,17.299222681716046,5.173037081831187,False,cruise_speed,6.888888888888889,4,t3_20261002_114036,alive,parallel_offset_t3_rebuild,1002-11dad5e1,/home/datawave/Work_AI/슬리더/runs/t3_20261002_114036/slp_04_log.json.gz
34.847,136,28,14,15.416400602271736,0.7779000000357996,25,0.036671607670257345,0.17227720000146363,5.79,14.910377358490567,56.08490566037736,gentle_curve,0.19338030374975723,0.027011704503946632,2.1844618677851884,0.10267730738311442,3,0,14.290374723202461,16.47483659098765,7.040362002114438,False,cruise_speed,6.888888888888889,4,t3_20261002_114036,alive,parallel_offset_t3_rebuild,1002-11dad5e1,/home/datawave/Work_AI/슬리더/runs/t3_20261002_114036/slp_04_log.json.gz
36.368,136,28,13,12.944425757229979,1.4879999999999995,45,0.013473587489968963,0.20335775910107134,5.79,14.910377358490567,56.08490566037736,gentle_curve,0.20974547213690808,0.032076572862074215,2.2616969838375525,0.06582772456392405,4,0,11.742185933533506,14.003882917371058,4.335187141795388,False,cruise_speed,8.722222222222221,4,t3_20261002_114036,alive,parallel_offset_t3_rebuild,1002-11dad5e1,/home/datawave/Work_AI/슬리더/runs/t3_20261002_114036/slp_04_log.json.gz
39.932,478,11,16,17.85357793523591,1.4872000000477215,45,0.014571496337811851,0.06333953234727474,5.79,15.457547169811322,44.594339622641506,straight,0.06791593261161566,0.010444209052707265,2.305697844842527,0.11907790593552825,1,0,16.856820679783304,19.16251852462583,3.165398670077387,False,cruise_speed,14,6,t3_20261002_114036,alive,parallel_offset_t3_rebuild,1002-11dad5e1,/home/datawave/Work_AI/슬리더/runs/t3_20261002_114036/slp_06_log.json.gz
41.726,478,11,15,16.972650319903657,1.4889000000357555,46,0.022546986940522373,0.05175571497724274,5.79,15.457547169811322,44.594339622641506,straight,0.06859787848041421,0.010500924288701086,2.5748092995152376,0.17364974695129298,2,0,15.155378542484279,17.730187841999516,4.592845844619423,False,cruise_speed,14,6,t3_20261002_114036,alive,parallel_offset_t3_rebuild,1002-11dad5e1,/home/datawave/Work_AI/슬리더/runs/t3_20261002_114036/slp_06_log.json.gz
44.096,478,11,14,15.995155598926615,1.491300000011961,45,0.012007871806606119,0.023767276927513237,5.79,15.59433962264151,44.45754716981132,straight,0.05153378024622857,0.006962036105280234,2.7340300009702077,0.11562540530957044,3,0,14.374767603025347,17.108797603995555,3.306597809757421,False,cruise_speed,14,6,t3_20261002_114036,alive,parallel_offset_t3_rebuild,1002-11dad5e1,/home/datawave/Work_AI/슬리더/runs/t3_20261002_114036/slp_06_log.json.gz
49.939,478,11,13,14.878142960373694,1.4940999999642486,45,0.010766403408853265,0.06800802538618367,5.79,15.59433962264151,44.45754716981132,gentle_curve,0.33597188970373537,0.03502686261798971,1.910496879090772,0.09549181347620816,4,0,13.576302645439384,15.486799524530156,1.7376992222069092,False,cruise_speed,10.722222222222221,6,t3_20261002_114036,alive,parallel_offset_t3_rebuild,1002-11dad5e1,/home/datawave/Work_AI/슬리더/runs/t3_20261002_114036/slp_06_log.json.gz
51.462,478,11,12,13.947750034448823,1.4961999999880504,42,0.02143800970716292,0.23855682783244347,5.79,15.59433962264151,44.594339622641506,gentle_curve,0.5192570211266716,0.06562760828170067,2.019678910969205,0.09355317652561501,5,0,12.882908769122317,14.902587680091521,6.433256634897175,False,cruise_speed,14,6,t3_20261002_114036,alive,parallel_offset_t3_rebuild,1002-11dad5e1,/home/datawave/Work_AI/슬리더/runs/t3_20261002_114036/slp_06_log.json.gz
36.857,501,4,16,14.296580398023842,1.485600000023851,45,0.03378358038049356,0.4232338983883466,5.777777777777778,15.457547169811322,44.86792452830189,gentle_curve,0.4428632016174383,0.07057192006281365,2.2163479136824833,0.13365411155020013,1,1,13.39060969524396,15.606957608926443,6.78118175089167,False,cruise_speed,14,5,t3_20261002_120229,alive,parallel_offset_t3_rebuild,1002-11dad5e1,/home/datawave/Work_AI/슬리더/runs/t3_20261002_120229/slp_05_log.json.gz
45.363,501,4,15,13.971994358476614,1.4796000000238223,44,0.027041923019204717,0.34328424090323395,5.777777777777778,15.183962264150946,45.14150943396226,gentle_curve,0.35270553824909356,0.05501796620030319,2.575845271778121,0.10233410555954414,2,1,12.259862831439158,14.835708103217279,7.81872811724397,False,cruise_speed,14,5,t3_20261002_120229,alive,parallel_offset_t3_rebuild,1002-11dad5e1,/home/datawave/Work_AI/슬리더/runs/t3_20261002_120229/slp_05_log.json.gz
47.277,501,4,14,12.433170033512887,1.4896000000238132,45,0.029826688058541606,0.3367647200258359,5.777777777777778,15.183962264150946,45.14150943396226,gentle_curve,0.35164227550059834,0.05460384105256466,2.5367884926098725,0.12411070815901226,3,1,11.423940921362025,13.960729413971897,6.581475204507488,False,cruise_speed,14,5,t3_20261002_120229,alive,parallel_offset_t3_rebuild,1002-11dad5e1,/home/datawave/Work_AI/슬리더/runs/t3_20261002_120229/slp_05_log.json.gz
59.291,501,7,16,16.741830290000273,1.4875000000000114,46,0.03269980865227762,0.21976943469910815,5.777777777777778,15.320754716981131,45.14150943396226,gentle_curve,0.22105236422746444,0.034064780366215075,2.361545426535841,0.12481683522630727,4,1,15.096523437071717,17.458068863607558,7.807597363873282,False,cruise_speed,6.611111111111111,5,t3_20261002_120229,alive,parallel_offset_t3_rebuild,1002-11dad5e1,/home/datawave/Work_AI/슬리더/runs/t3_20261002_120229/slp_05_log.json.gz
