target,enemy_r,own_r,distance,gap,angle,kind,game,run,t,set,speed,speed_class,boost_command,gap_min,gap_max,death_window_s,sample_interval_s,last_alive_gap,last_alive_distance,head_distance,reasons,protocol,build,source,geometry_class
292,19.3,14.773584905660377,31.615528810925248,-2.458056094735129,2.4815836105340154,excluded_death,1,t3_20261002_085713,14.507,12,5.79,cruise_speed,0,-2.458056094735129,-2.458056094735129,-0.006999999999999673,0.032999999999999474,-2.458056094735129,31.615528810925248,300.6838931875142,"[""사망 전 추종 중 아님"", ""최근접 몸통이 추종 대상과 다름"", ""최근 2.5초 안정 유지 표본 없음"", ""사망 전 관측 시점 불확실""]",parallel_entry_t3,1002-9ca46e23,/home/datawave/Work_AI/슬리더/runs/t3_20261002_085713/slp_01_box.json.gz,straight
205,23.3,14.636792452830191,34.771182145030295,-3.1656103077998967,1.517036518257251,excluded_death,2,t3_20261002_085713,7.207,12,5.79,cruise_speed,0,-3.1656103077998967,-3.1656103077998967,-0.006999999999999673,0.038000000000000256,-3.1656103077998967,34.771182145030295,203.2108500937809,"[""사망 전 추종 중 아님"", ""최근접 몸통이 추종 대상과 다름"", ""최근 2.5초 안정 유지 표본 없음"", ""사망 전 관측 시점 불확실"", ""다른 머리 간섭 가능""]",parallel_entry_t3,1002-9ca46e23,/home/datawave/Work_AI/슬리더/runs/t3_20261002_085713/slp_02_box.json.gz,straight
194,23.8,14.773584905660377,36.63222683331398,-1.9413580723463983,-1.8606428167066424,excluded_death,3,t3_20261002_085713,18.209,12,5.79,cruise_speed,0,-1.9413580723463983,-1.9413580723463983,-0.009000000000000341,0.030000000000001137,-1.9413580723463983,36.63222683331398,553.9547736758385,"[""사망 전 추종 중 아님"", ""최근접 몸통이 추종 대상과 다름"", ""최근 2.5초 안정 유지 표본 없음"", ""사망 전 관측 시점 불확실""]",parallel_entry_t3,1002-9ca46e23,/home/datawave/Work_AI/슬리더/runs/t3_20261002_085713/slp_03_box.json.gz,straight
76,57.7,14.636792452830191,72.7074558413879,0.37066338855770375,-0.6137700950164678,excluded_death,4,t3_20261002_085713,12.667,30,5.777777777777778,cruise_speed,0,0.37066338855770375,0.37066338855770375,0.032999999999999474,0.02099999999999902,0.37066338855770375,72.7074558413879,1068.5845354576622,"[""사망 전 추종 중 아님"", ""최근 2.5초 안정 유지 표본 없음"", ""빠른 수직 접근"", ""평행 주행 아님""]",parallel_entry_t3,1002-9ca46e23,/home/datawave/Work_AI/슬리더/runs/t3_20261002_085713/slp_04_box.json.gz,straight
76,57.7,14.636792452830191,66.10043310067225,-6.236359352157946,0.5952928753623362,excluded_death,5,t3_20261002_085713,7.452,12,5.79,cruise_speed,0,-6.236359352157946,-6.236359352157946,0.04800000000000004,0.02200000000000024,-6.236359352157946,66.10043310067225,268.2574279872809,"[""사망 전 추종 중 아님"", ""최근접 몸통이 추종 대상과 다름"", ""최근 2.5초 안정 유지 표본 없음""]",parallel_entry_t3,1002-9ca46e23,/home/datawave/Work_AI/슬리더/runs/t3_20261002_085713/slp_05_box.json.gz,straight
76,57.9,14.910377358490567,78.20957538144593,5.399198022955364,-0.03894134309709847,excluded_death,6,t3_20261002_085713,18.302,30,5.79,cruise_speed,0,5.399198022955364,5.399198022955364,-0.0019999999999988916,0.045999999999999375,5.399198022955364,78.20957538144593,787.2444552748814,"[""사망 전 추종 중 아님"", ""최근접 몸통이 추종 대상과 다름"", ""최근 2.5초 안정 유지 표본 없음"", ""사망 전 관측 시점 불확실""]",parallel_entry_t3,1002-9ca46e23,/home/datawave/Work_AI/슬리더/runs/t3_20261002_085713/slp_06_box.json.gz,straight
57,40.5,14.773584905660377,54.549183941364085,-0.7244009642962919,2.211233093800591,excluded_death,1,t3_20261002_090930,21.693,30,5.79,cruise_speed,0,-0.7244009642962919,-0.7244009642962919,0.006999999999997897,0.022999999999999687,-0.7244009642962919,54.549183941364085,300.88098548733547,"[""사망 전 추종 중 아님"", ""최근접 몸통이 추종 대상과 다름"", ""최근 2.5초 안정 유지 표본 없음"", ""빠른 수직 접근"", ""평행 주행 아님"", ""곡선 몸통""]",parallel_entry_t3,1002-1efeafe8,/home/datawave/Work_AI/슬리더/runs/t3_20261002_090930/slp_01_box.json.gz,straight
443,16,16.55188679245283,32.45702391487257,-0.09486287758025824,-2.768604931789718,excluded_death,1,t3_20261002_091328,119.204,30,5.833333333333333,cruise_speed,0,-0.09486287758025824,-0.09486287758025824,-0.003999999999990678,0.03299999999998704,-0.09486287758025824,32.45702391487257,58.19400915479171,"[""사망 전 추종 중 아님"", ""최근접 몸통이 추종 대상과 다름"", ""최근 2.5초 안정 유지 표본 없음"", ""사망 전 관측 시점 불확실"", ""다른 머리 간섭 가능""]",parallel_entry_t3,1002-b5ab19c0,/home/datawave/Work_AI/슬리더/runs/t3_20261002_091328/slp_01_box.json.gz,straight
189,54.3,15.047169811320755,62.61861482746485,-6.728554983855899,0.33498229632024495,excluded_death,1,t3_20261002_092923,58.871,40,5.79,cruise_speed,0,-6.728554983855899,-6.728554983855899,0.028999999999996362,0.017000000000003013,-6.728554983855899,62.61861482746485,888.6997509589897,"[""사망 전 추종 중 아님"", ""최근 2.5초 안정 유지 표본 없음"", ""빠른 수직 접근"", ""평행 주행 아님"", ""곡선 몸통""]",parallel_offset_t3_rebuild,1002-6bdce1a2,runs/t3_20261002_092923/slp_01_box.json.gz,straight
429,17.8,15.320754716981131,24.86685158680307,-8.253903130178063,1.1740234419527371,excluded_death,1,t3_20261002_093217,43.249,40,5.79,cruise_speed,0,-8.253903130178063,-8.253903130178063,0.05099999999999483,0.030999999999998806,-8.253903130178063,24.86685158680307,182.69203647497147,"[""사망 전 추종 중 아님"", ""최근접 몸통이 추종 대상과 다름"", ""최근 2.5초 안정 유지 표본 없음"", ""빠른 수직 접근"", ""평행 주행 아님"", ""곡선 몸통"", ""다른 머리 간섭 가능""]",parallel_offset_t3_rebuild,1002-db20a6ce,/home/datawave/Work_AI/슬리더/runs/t3_20261002_093217/slp_01_box.json.gz,straight
429,23.7,16.55188679245283,43.45602588829914,3.2041390958463083,-2.114355534173999,excluded_death,2,t3_20261002_093217,110.426,40,5.833333333333333,cruise_speed,0,3.2041390958463083,3.2041390958463083,-0.02599999999999625,0.0379999999999967,3.2041390958463083,43.45602588829914,470.448462199318,"[""사망 전 추종 중 아님"", ""최근접 몸통이 추종 대상과 다름"", ""최근 2.5초 안정 유지 표본 없음"", ""사망 전 관측 시점 불확실""]",parallel_offset_t3_rebuild,1002-db20a6ce,/home/datawave/Work_AI/슬리더/runs/t3_20261002_093217/slp_02_box.json.gz,straight
30,16.4,14.636792452830191,393.8780120455473,362.8412195927171,2.3561944901926086,excluded_death,1,t3_20261002_093739,13.384,40,5.79,cruise_speed,0,362.8412195927171,362.8412195927171,3.716000000000001,0.034000000000000696,362.8412195927171,393.8780120455473,393.88288641506125,"[""사망 전 추종 중 아님"", ""최근접 몸통이 추종 대상과 다름"", ""최근 2.5초 안정 유지 표본 없음"", ""사망 전 관측 시점 불확실""]",parallel_offset_t3_rebuild,1002-5c72501c,/home/datawave/Work_AI/슬리더/runs/t3_20261002_093739/slp_01_box.json.gz,straight
393,39.5,15.457547169811322,48.90444352317252,-6.053103646638805,-1.1345808590121487,excluded_death,2,t3_20261002_093739,37.704,40,5.79,cruise_speed,0,-6.053103646638805,-6.053103646638805,-0.003999999999997783,0.03800000000000381,-6.053103646638805,48.90444352317252,449.1076037173255,"[""사망 전 추종 중 아님"", ""최근접 몸통이 추종 대상과 다름"", ""최근 2.5초 안정 유지 표본 없음"", ""빠른 수직 접근"", ""평행 주행 아님"", ""사망 전 관측 시점 불확실""]",parallel_offset_t3_rebuild,1002-5c72501c,/home/datawave/Work_AI/슬리더/runs/t3_20261002_093739/slp_02_box.json.gz,straight
295,17.1,14.636792452830191,23.323583766810923,-8.413208686019269,-2.7437182959726236,excluded_death,1,t3_20261002_094249,9.993,40,5.79,cruise_speed,0,-8.413208686019269,-8.413208686019269,0.006999999999999673,0.04100000000000037,-8.413208686019269,23.323583766810923,96.75291897713456,"[""사망 전 추종 중 아님"", ""최근접 몸통이 추종 대상과 다름"", ""최근 2.5초 안정 유지 표본 없음"", ""평행 주행 아님"", ""다른 머리 간섭 가능""]",parallel_offset_t3_rebuild,1002-11dad5e1,/home/datawave/Work_AI/슬리더/runs/t3_20261002_094249/slp_01_box.json.gz,straight
401,54.6,15.320754716981131,56.136488123881456,-13.784266593099677,-1.2414123328808715,excluded_death,2,t3_20261002_094249,44.363,40,5.777777777777778,cruise_speed,0,-13.784266593099677,-13.784266593099677,0.036999999999999034,0.03399999999999892,-13.784266593099677,56.136488123881456,604.394422453647,"[""사망 전 추종 중 아님"", ""최근 2.5초 안정 유지 표본 없음"", ""빠른 수직 접근""]",parallel_offset_t3_rebuild,1002-11dad5e1,/home/datawave/Work_AI/슬리더/runs/t3_20261002_094249/slp_02_box.json.gz,gentle_curve
89,15.2,15.457547169811322,28.718856599705763,-1.9386905701055586,2.356194490192345,excluded_death,3,t3_20261002_094249,32.702,40,5.79,cruise_speed,0,-1.9386905701055586,-1.9386905701055586,-0.001999999999995339,0.031999999999996476,-1.9386905701055586,28.718856599705763,31.57182703855843,"[""사망 전 추종 중 아님"", ""최근접 몸통이 추종 대상과 다름"", ""최근 2.5초 안정 유지 표본 없음"", ""사망 전 관측 시점 불확실"", ""다른 머리 간섭 가능""]",parallel_offset_t3_rebuild,1002-11dad5e1,/home/datawave/Work_AI/슬리더/runs/t3_20261002_094249/slp_03_box.json.gz,straight
202,20,14.636792452830191,28.8170606153984,-5.819731837431791,0.17436298442315912,excluded_death,1,t3_20261002_094739,12.964,40,5.777777777777778,cruise_speed,0,-5.819731837431791,-5.819731837431791,0.03599999999999959,0.03300000000000125,-5.819731837431791,28.8170606153984,119.00148119969685,"[""사망 전 추종 중 아님"", ""최근접 몸통이 추종 대상과 다름"", ""최근 2.5초 안정 유지 표본 없음"", ""빠른 수직 접근"", ""평행 주행 아님"", ""다른 머리 간섭 가능""]",parallel_offset_t3_rebuild,1002-11dad5e1,/home/datawave/Work_AI/슬리더/runs/t3_20261002_094739/slp_01_box.json.gz,gentle_curve
9,22.8,14.5,35.14038654360625,-2.1596134563937532,1.7457447688901186,excluded_death,2,t3_20261002_094739,5.41,40,5.79,cruise_speed,0,-2.1596134563937532,-2.1596134563937532,-0.009999999999999787,0.03399999999999981,-2.1596134563937532,35.14038654360625,47.93955716904278,"[""사망 전 추종 중 아님"", ""최근접 몸통이 추종 대상과 다름"", ""최근 2.5초 안정 유지 표본 없음"", ""사망 전 관측 시점 불확실"", ""다른 머리 간섭 가능""]",parallel_offset_t3_rebuild,1002-11dad5e1,/home/datawave/Work_AI/슬리더/runs/t3_20261002_094739/slp_02_box.json.gz,straight
72,22.2,16.82547169811321,40.738823113159356,1.713351415046148,2.045081832371167,excluded_death,3,t3_20261002_094739,144.047,40,5.79,cruise_speed,0,1.713351415046148,1.713351415046148,0.05299999999999727,0.03200000000001069,1.713351415046148,40.738823113159356,42.548316766721,"[""사망 전 추종 중 아님"", ""최근접 몸통이 추종 대상과 다름"", ""최근 2.5초 안정 유지 표본 없음"", ""빠른 수직 접근"", ""평행 주행 아님"", ""다른 머리 간섭 가능""]",parallel_offset_t3_rebuild,1002-11dad5e1,/home/datawave/Work_AI/슬리더/runs/t3_20261002_094739/slp_03_box.json.gz,gentle_curve
128,17.2,15.047169811320755,26.962335434660414,-5.28483437666034,1.1874355330771136,excluded_death,1,t3_20261002_095256,19.886,35,5.79,cruise_speed,0,-5.28483437666034,-5.28483437666034,0.013999999999999346,0.022999999999999687,-5.28483437666034,26.962335434660414,342.42149824420454,"[""사망 전 추종 중 아님"", ""최근접 몸통이 추종 대상과 다름"", ""최근 2.5초 안정 유지 표본 없음"", ""빠른 수직 접근"", ""평행 주행 아님""]",parallel_offset_t3_rebuild,1002-11dad5e1,/home/datawave/Work_AI/슬리더/runs/t3_20261002_095256/slp_01_box.json.gz,gentle_curve
366,16.1,15.047169811320755,32.538522770604565,1.3913529592838092,-0.9001461018052198,excluded_death,2,t3_20261002_095256,26.896,35,5.79,cruise_speed,0,1.3913529592838092,1.3913529592838092,0.003999999999997783,0.03300000000000125,1.3913529592838092,32.538522770604565,54.857053557908436,"[""사망 전 추종 중 아님"", ""최근접 몸통이 추종 대상과 다름"", ""최근 2.5초 안정 유지 표본 없음"", ""빠른 수직 접근"", ""평행 주행 아님"", ""다른 머리 간섭 가능""]",parallel_offset_t3_rebuild,1002-11dad5e1,/home/datawave/Work_AI/슬리더/runs/t3_20261002_095256/slp_02_box.json.gz,gentle_curve
347,40.5,17.64622641509434,52.89627690994253,-5.249949505151811,1.4797247475630735,excluded_death,3,t3_20261002_095256,131.473,35,5.833333333333333,cruise_speed,0,-5.249949505151811,-5.249949505151811,0.026999999999986812,0.03100000000000591,-5.249949505151811,52.89627690994253,268.7293186161961,"[""사망 전 추종 중 아님"", ""최근접 몸통이 추종 대상과 다름"", ""최근 2.5초 안정 유지 표본 없음"", ""빠른 수직 접근"", ""평행 주행 아님""]",parallel_offset_t3_rebuild,1002-11dad5e1,/home/datawave/Work_AI/슬리더/runs/t3_20261002_095256/slp_03_box.json.gz,gentle_curve
96,56.4,15.047169811320755,64.09015749196801,-7.357012319352739,1.5582446847253602,excluded_death,4,t3_20261002_095256,103.711,34,5.777777777777778,cruise_speed,0,-7.357012319352739,-7.357012319352739,0.08899999999999864,0.027999999999991587,-7.357012319352739,64.09015749196801,53.93986961335499,"[""사망 전 추종 중 아님"", ""최근 2.5초 안정 유지 표본 없음"", ""빠른 수직 접근"", ""다른 머리 간섭 가능""]",parallel_offset_t3_rebuild,1002-11dad5e1,/home/datawave/Work_AI/슬리더/runs/t3_20261002_095256/slp_04_box.json.gz,straight
155,28.2,14.636792452830191,41.047902132037265,-1.788890320792925,-1.2604089196625363,excluded_death,5,t3_20261002_095256,13.178,35,5.777777777777778,cruise_speed,0,-1.788890320792925,-1.788890320792925,0.021999999999998465,0.04100000000000037,-1.788890320792925,41.047902132037265,257.0959846878022,"[""사망 전 추종 중 아님"", ""최근접 몸통이 추종 대상과 다름"", ""최근 2.5초 안정 유지 표본 없음"", ""빠른 수직 접근"", ""평행 주행 아님"", ""접촉 구간 곡률 큼""]",parallel_offset_t3_rebuild,1002-11dad5e1,/home/datawave/Work_AI/슬리더/runs/t3_20261002_095256/slp_05_box.json.gz,gentle_curve
436,49.8,17.235849056603772,54.05104080362934,-12.984808252974428,-2.0687047179314213,excluded_death,6,t3_20261002_095256,139.907,35,5.833333333333333,cruise_speed,0,-12.984808252974428,-12.984808252974428,-0.007000000000005002,0.049000000000006594,-12.984808252974428,54.05104080362934,404.79244783339186,"[""사망 전 추종 중 아님"", ""최근 2.5초 안정 유지 표본 없음"", ""빠른 수직 접근"", ""평행 주행 아님"", ""사망 전 관측 시점 불확실""]",parallel_offset_t3_rebuild,1002-11dad5e1,/home/datawave/Work_AI/슬리더/runs/t3_20261002_095256/slp_06_box.json.gz,gentle_curve
76,18.7,16.82547169811321,31.915142361714327,-3.6103293363988804,-1.0217951001347054,excluded_death,1,t3_20261002_100238,65.135,32,5.833333333333333,cruise_speed,0,-3.6103293363988804,-3.6103293363988804,0.06499999999999773,0.03900000000000148,-3.6103293363988804,31.915142361714327,34.88824605465994,"[""사망 전 추종 중 아님"", ""최근접 몸통이 추종 대상과 다름"", ""최근 2.5초 안정 유지 표본 없음"", ""다른 머리 간섭 가능""]",parallel_offset_t3_rebuild,1002-11dad5e1,/home/datawave/Work_AI/슬리더/runs/t3_20261002_100238/slp_01_box.json.gz,straight
436,40.5,15.047169811320755,41.53225906669411,-14.014910744626645,-2.1335335495560868,excluded_death,2,t3_20261002_100238,50.626,32,5.777777777777778,cruise_speed,0,-14.014910744626645,-14.014910744626645,0.07400000000000517,0.01999999999999602,-14.014910744626645,41.53225906669411,399.6281748915548,"[""사망 전 추종 중 아님"", ""최근 2.5초 안정 유지 표본 없음"", ""빠른 수직 접근"", ""평행 주행 아님""]",parallel_offset_t3_rebuild,1002-11dad5e1,/home/datawave/Work_AI/슬리더/runs/t3_20261002_100238/slp_02_box.json.gz,gentle_curve
433,46.8,20.5188679245283,50.7675353707873,-16.551332553741,-1.2490457723982054,excluded_death,3,t3_20261002_100238,137.115,30,5.833333333333333,cruise_speed,0,-16.551332553741,-16.551332553741,-0.01500000000001478,0.049000000000006594,-16.551332553741,50.7675353707873,562.4843283631368,"[""사망 전 추종 중 아님"", ""최근접 몸통이 추종 대상과 다름"", ""최근 2.5초 안정 유지 표본 없음"", ""빠른 수직 접근"", ""사망 전 관측 시점 불확실""]",parallel_offset_t3_rebuild,1002-11dad5e1,/home/datawave/Work_AI/슬리더/runs/t3_20261002_100238/slp_03_box.json.gz,straight
239,29.8,15.457547169811322,35.22985340914316,-10.027693760668162,1.4638236873253916,excluded_death,4,t3_20261002_100238,43.908,32,5.777777777777778,cruise_speed,0,-10.027693760668162,-10.027693760668162,0.09199999999999875,0.04299999999999926,-10.027693760668162,35.22985340914316,351.2960590524343,"[""사망 전 추종 중 아님"", ""최근접 몸통이 추종 대상과 다름"", ""최근 2.5초 안정 유지 표본 없음"", ""빠른 수직 접근"", ""평행 주행 아님""]",parallel_offset_t3_rebuild,1002-11dad5e1,/home/datawave/Work_AI/슬리더/runs/t3_20261002_100238/slp_04_box.json.gz,straight
331,19.7,14.636792452830191,28.51506236606677,-5.821730086763422,1.3443555166778856,excluded_death,1,t3_20261002_101048,12.747,16,5.79,cruise_speed,0,-5.821730086763422,-5.821730086763422,0.053000000000000824,0.032999999999999474,-5.821730086763422,28.51506236606677,273.2999456016715,"[""사망 전 추종 중 아님"", ""최근접 몸통이 추종 대상과 다름"", ""최근 2.5초 안정 유지 표본 없음"", ""빠른 수직 접근"", ""평행 주행 아님""]",parallel_offset_t3_rebuild,1002-11dad5e1,/home/datawave/Work_AI/슬리더/runs/t3_20261002_101048/slp_01_box.json.gz,gentle_curve
50,20.8,14.773584905660377,25.92712115834451,-9.646463747315869,-2.566816791890837,excluded_death,2,t3_20261002_101048,19.598,16,5.79,cruise_speed,0,-9.646463747315869,-9.646463747315869,0.0020000000000024443,0.0259999999999998,-9.646463747315869,25.92712115834451,83.87528251391932,"[""사망 전 추종 중 아님"", ""최근접 몸통이 추종 대상과 다름"", ""최근 2.5초 안정 유지 표본 없음"", ""빠른 수직 접근"", ""평행 주행 아님"", ""다른 머리 간섭 가능""]",parallel_offset_t3_rebuild,1002-11dad5e1,/home/datawave/Work_AI/슬리더/runs/t3_20261002_101048/slp_02_box.json.gz,gentle_curve
359,30.5,15.320754716981131,48.09264605323896,2.271891336257827,2.215979519788096,excluded_death,3,t3_20261002_101048,32.276,16,5.777777777777778,cruise_speed,0,2.271891336257827,2.271891336257827,0.023999999999993804,0.03300000000000125,2.271891336257827,48.09264605323896,133.50237684700173,"[""사망 전 추종 중 아님"", ""최근접 몸통이 추종 대상과 다름"", ""최근 2.5초 안정 유지 표본 없음"", ""빠른 수직 접근"", ""평행 주행 아님"", ""다른 머리 간섭 가능""]",parallel_offset_t3_rebuild,1002-11dad5e1,/home/datawave/Work_AI/슬리더/runs/t3_20261002_101048/slp_03_box.json.gz,gentle_curve
219,17.5,16.004716981132077,37.36433723644187,3.8596202553097925,2.2986310357510678,excluded_death,4,t3_20261002_101048,66.783,16,5.777777777777778,cruise_speed,0,3.8596202553097925,3.8596202553097925,0.016999999999995907,0.028000000000005798,3.8596202553097925,37.36433723644187,37.30695261089574,"[""사망 전 추종 중 아님"", ""최근접 몸통이 추종 대상과 다름"", ""최근 2.5초 안정 유지 표본 없음"", ""빠른 수직 접근"", ""평행 주행 아님"", ""접촉 구간 곡률 큼"", ""다른 머리 간섭 가능""]",parallel_offset_t3_rebuild,1002-11dad5e1,/home/datawave/Work_AI/슬리더/runs/t3_20261002_101048/slp_04_box.json.gz,gentle_curve
148,19.3,15.59433962264151,19.47816309261805,-15.41617653002346,0.22358227587338636,excluded_death,5,t3_20261002_101048,54.64,16,5.79,cruise_speed,0,-15.41617653002346,-15.41617653002346,0.060000000000002274,0.03200000000000358,-15.41617653002346,19.47816309261805,61.223386877909995,"[""사망 전 추종 중 아님"", ""최근접 몸통이 추종 대상과 다름"", ""최근 2.5초 안정 유지 표본 없음"", ""빠른 수직 접근"", ""평행 주행 아님"", ""다른 머리 간섭 가능""]",parallel_offset_t3_rebuild,1002-11dad5e1,/home/datawave/Work_AI/슬리더/runs/t3_20261002_101048/slp_05_box.json.gz,gentle_curve
507,35.6,15.731132075471699,48.17502391454987,-3.156108160921832,2.129395642138576,excluded_death,6,t3_20261002_101048,94.771,16,5.777777777777778,cruise_speed,0,-3.156108160921832,-3.156108160921832,0.028999999999996362,0.045000000000001705,-3.156108160921832,48.17502391454987,478.4324691837748,"[""사망 전 추종 중 아님"", ""최근접 몸통이 추종 대상과 다름"", ""최근 2.5초 안정 유지 표본 없음"", ""평행 주행 아님""]",parallel_offset_t3_rebuild,1002-11dad5e1,/home/datawave/Work_AI/슬리더/runs/t3_20261002_101048/slp_06_box.json.gz,gentle_curve
507,42.7,15.867924528301886,48.81692447065254,-9.751000057649351,1.903270330724141,excluded_death,1,t3_20261002_101736,59.033,15,5.777777777777778,cruise_speed,0,-9.751000057649351,-9.751000057649351,0.06700000000000017,0.02400000000000091,-9.751000057649351,48.81692447065254,307.04604785580625,"[""사망 전 추종 중 아님"", ""빠른 수직 접근"", ""평행 주행 아님""]",parallel_offset_t3_rebuild,1002-11dad5e1,/home/datawave/Work_AI/슬리더/runs/t3_20261002_101736/slp_01_box.json.gz,straight
249,14.9,14.910377358490567,25.036165788783524,-4.7742115697070435,2.44380746421377,excluded_death,2,t3_20261002_101736,22.92,16,5.79,cruise_speed,0,-4.7742115697070435,-4.7742115697070435,0.0799999999999983,0.028000000000002245,-4.7742115697070435,25.036165788783524,39.481084842881614,"[""사망 전 추종 중 아님"", ""최근접 몸통이 추종 대상과 다름"", ""최근 2.5초 안정 유지 표본 없음"", ""다른 머리 간섭 가능""]",parallel_offset_t3_rebuild,1002-11dad5e1,/home/datawave/Work_AI/슬리더/runs/t3_20261002_101736/slp_02_box.json.gz,straight
431,22.6,16.141509433962263,28.243751785330396,-10.497757648631868,-2.669425548904672,excluded_death,3,t3_20261002_101736,80.004,16,5.777777777777778,cruise_speed,0,-10.497757648631868,-10.497757648631868,-0.0040000000000048885,0.03200000000001069,-10.497757648631868,28.243751785330396,81.51828645595381,"[""사망 전 추종 중 아님"", ""최근접 몸통이 추종 대상과 다름"", ""최근 2.5초 안정 유지 표본 없음"", ""빠른 수직 접근"", ""평행 주행 아님"", ""접촉 구간 곡률 큼"", ""사망 전 관측 시점 불확실"", ""다른 머리 간섭 가능""]",parallel_offset_t3_rebuild,1002-11dad5e1,/home/datawave/Work_AI/슬리더/runs/t3_20261002_101736/slp_03_box.json.gz,gentle_curve
126,45.4,14.773584905660377,64.07464641955673,3.9010615138963534,-1.3506469971023147,excluded_death,4,t3_20261002_101736,16.534,16,5.79,cruise_speed,0,3.9010615138963534,3.9010615138963534,0.0660000000000025,0.028999999999999915,3.9010615138963534,64.07464641955673,566.7763509577209,"[""사망 전 추종 중 아님"", ""최근접 몸통이 추종 대상과 다름"", ""최근 2.5초 안정 유지 표본 없음""]",parallel_offset_t3_rebuild,1002-11dad5e1,/home/datawave/Work_AI/슬리더/runs/t3_20261002_101736/slp_04_box.json.gz,straight
389,17.8,15.183962264150946,16.24572538128597,-16.738236882864978,0.2501749212080482,excluded_death,5,t3_20261002_101736,66.466,16,5.777777777777778,cruise_speed,0,-16.738236882864978,-16.738236882864978,0.034000000000006025,0.03299999999998704,-16.738236882864978,16.24572538128597,37.20926000360751,"[""사망 전 추종 중 아님"", ""최근접 몸통이 추종 대상과 다름"", ""최근 2.5초 안정 유지 표본 없음"", ""빠른 수직 접근"", ""평행 주행 아님"", ""다른 머리 간섭 가능""]",parallel_offset_t3_rebuild,1002-11dad5e1,/home/datawave/Work_AI/슬리더/runs/t3_20261002_101736/slp_05_box.json.gz,gentle_curve
431,29.8,15.59433962264151,43.05143912719304,-2.3429004954484682,1.4467364916256173,excluded_death,6,t3_20261002_101736,64.839,16,5.777777777777778,cruise_speed,0,-2.3429004954484682,-2.3429004954484682,0.06100000000000705,0.04599999999999227,-2.3429004954484682,43.05143912719304,68.38618829333625,"[""사망 전 추종 중 아님"", ""최근접 몸통이 추종 대상과 다름"", ""최근 2.5초 안정 유지 표본 없음"", ""다른 머리 간섭 가능""]",parallel_offset_t3_rebuild,1002-11dad5e1,/home/datawave/Work_AI/슬리더/runs/t3_20261002_101736/slp_06_box.json.gz,straight
241,26.7,15.047169811320755,35.38913550539266,-6.358034305928095,-2.8332769913944453,excluded_death,1,t3_20261002_102528,32.078,15,5.79,cruise_speed,0,-6.358034305928095,-6.358034305928095,0.021999999999998465,0.035000000000003695,-6.358034305928095,35.38913550539266,235.42800137881687,"[""사망 전 추종 중 아님"", ""최근접 몸통이 추종 대상과 다름"", ""최근 2.5초 안정 유지 표본 없음"", ""빠른 수직 접근"", ""평행 주행 아님"", ""접촉 구간 곡률 큼"", ""다른 머리 간섭 가능""]",parallel_offset_t3_rebuild,1002-11dad5e1,/home/datawave/Work_AI/슬리더/runs/t3_20261002_102528/slp_01_box.json.gz,gentle_curve
274,20.1,15.867924528301886,27.801471956108763,-8.166452572193124,-2.594308272602356,excluded_death,2,t3_20261002_102528,32.734,15,5.777777777777778,cruise_speed,0,-8.166452572193124,-8.166452572193124,0.0659999999999954,0.03200000000000358,-8.166452572193124,27.801471956108763,136.50604096915396,"[""사망 전 추종 중 아님"", ""최근접 몸통이 추종 대상과 다름"", ""최근 2.5초 안정 유지 표본 없음"", ""빠른 수직 접근"", ""평행 주행 아님"", ""다른 머리 간섭 가능""]",parallel_offset_t3_rebuild,1002-11dad5e1,/home/datawave/Work_AI/슬리더/runs/t3_20261002_102528/slp_02_box.json.gz,gentle_curve
292,20,16.962264150943394,40.09461107740306,3.1323469264596646,0.5095922648090697,excluded_death,3,t3_20261002_102528,45.984,15,5.79,cruise_speed,0,3.1323469264596646,3.1323469264596646,0.015999999999998238,0.021999999999998465,3.1323469264596646,40.09461107740306,40.077851918752195,"[""사망 전 추종 중 아님"", ""최근접 몸통이 추종 대상과 다름"", ""최근 2.5초 안정 유지 표본 없음"", ""빠른 수직 접근"", ""평행 주행 아님"", ""다른 머리 간섭 가능""]",parallel_offset_t3_rebuild,1002-11dad5e1,/home/datawave/Work_AI/슬리더/runs/t3_20261002_102528/slp_03_box.json.gz,gentle_curve
320,42.3,15.320754716981131,57.55743848544082,-0.06331623154030908,1.3626741223505852,excluded_death,4,t3_20261002_102528,90.534,15,5.777777777777778,cruise_speed,0,-0.06331623154030908,-0.06331623154030908,0.06599999999998829,0.03300000000000125,-0.06331623154030908,57.55743848544082,110.03523694993031,"[""사망 전 추종 중 아님"", ""최근접 몸통이 추종 대상과 다름"", ""최근 2.5초 안정 유지 표본 없음"", ""다른 머리 간섭 가능""]",parallel_offset_t3_rebuild,1002-11dad5e1,/home/datawave/Work_AI/슬리더/runs/t3_20261002_102528/slp_04_box.json.gz,straight
454,22.4,15.59433962264151,36.52808693068862,-1.466252691952885,-1.5316007248679444,excluded_death,5,t3_20261002_102528,62.116,15,5.777777777777778,cruise_speed,0,-1.466252691952885,-1.466252691952885,0.08400000000000318,0.031999999999996476,-1.466252691952885,36.52808693068862,93.68104099077034,"[""사망 전 추종 중 아님"", ""최근접 몸통이 추종 대상과 다름"", ""최근 2.5초 안정 유지 표본 없음"", ""다른 머리 간섭 가능""]",parallel_offset_t3_rebuild,1002-11dad5e1,/home/datawave/Work_AI/슬리더/runs/t3_20261002_102528/slp_05_box.json.gz,straight
399,14.9,18.46698113207547,32.10868409712072,-1.2582970349547473,-0.14830074192696407,excluded_death,6,t3_20261002_102528,77.915,15,5.777777777777778,cruise_speed,0,-1.2582970349547473,-1.2582970349547473,-0.015000000000000568,0.04100000000001103,-1.2582970349547473,32.10868409712072,62.23305746599465,"[""사망 전 추종 중 아님"", ""최근접 몸통이 추종 대상과 다름"", ""최근 2.5초 안정 유지 표본 없음"", ""빠른 수직 접근"", ""평행 주행 아님"", ""접촉 구간 곡률 큼"", ""사망 전 관측 시점 불확실"", ""다른 머리 간섭 가능""]",parallel_offset_t3_rebuild,1002-11dad5e1,/home/datawave/Work_AI/슬리더/runs/t3_20261002_102528/slp_06_box.json.gz,gentle_curve
119,18.7,19.69811320754717,31.082394889834532,-7.315718317712637,0.24637045067633448,excluded_death,1,t3_20261002_103336,87.797,16,5.777777777777778,cruise_speed,0,-7.315718317712637,-7.315718317712637,0.10300000000000864,0.0309999999999917,-7.315718317712637,31.082394889834532,32.82911099536994,"[""사망 전 추종 중 아님"", ""최근접 몸통이 추종 대상과 다름"", ""최근 2.5초 안정 유지 표본 없음"", ""빠른 수직 접근"", ""평행 주행 아님"", ""접촉 구간 곡률 큼"", ""다른 머리 간섭 가능""]",parallel_offset_t3_rebuild,1002-11dad5e1,/home/datawave/Work_AI/슬리더/runs/t3_20261002_103336/slp_01_box.json.gz,gentle_curve
17,14.9,18.330188679245282,25.922970949148667,-7.307217730096616,-1.7580186888408895,excluded_death,2,t3_20261002_103336,79.423,16,5.888888888888889,cruise_speed,0,-7.307217730096616,-7.307217730096616,0.07699999999999818,0.031999999999996476,-7.307217730096616,25.922970949148667,170.02419547377514,"[""사망 전 추종 중 아님"", ""최근접 몸통이 추종 대상과 다름"", ""최근 2.5초 안정 유지 표본 없음"", ""평행 주행 아님"", ""접촉 구간 곡률 큼"", ""다른 머리 간섭 가능""]",parallel_offset_t3_rebuild,1002-11dad5e1,/home/datawave/Work_AI/슬리더/runs/t3_20261002_103336/slp_02_box.json.gz,gentle_curve
494,39.3,15.731132075471699,47.73018650803332,-7.300945567438376,1.3791478301081361,excluded_death,3,t3_20261002_103336,48.386,16,5.79,cruise_speed,0,-7.300945567438376,-7.300945567438376,0.013999999999995794,0.034000000000006025,-7.300945567438376,47.73018650803332,278.4123139115141,"[""사망 전 추종 중 아님"", ""최근접 몸통이 추종 대상과 다름"", ""최근 2.5초 안정 유지 표본 없음"", ""빠른 수직 접근"", ""평행 주행 아님""]",parallel_offset_t3_rebuild,1002-11dad5e1,/home/datawave/Work_AI/슬리더/runs/t3_20261002_103336/slp_03_box.json.gz,gentle_curve
297,30,23.801886792452827,37.436818541319795,-16.36506825113303,-1.905820437875521,excluded_death,4,t3_20261002_103336,103.426,16,5.944444444444445,cruise_speed,0,-16.36506825113303,-16.36506825113303,0.07399999999999807,0.03300000000000125,-16.36506825113303,37.436818541319795,114.84394843318216,"[""사망 전 추종 중 아님"", ""최근접 몸통이 추종 대상과 다름"", ""최근 2.5초 안정 유지 표본 없음"", ""다른 머리 간섭 가능""]",parallel_offset_t3_rebuild,1002-11dad5e1,/home/datawave/Work_AI/슬리더/runs/t3_20261002_103336/slp_04_box.json.gz,straight
178,16.3,14.910377358490567,24.145788470536363,-7.064588887954205,1.2135415724930645,excluded_death,5,t3_20261002_103336,29.648,16,5.79,cruise_speed,0,-7.064588887954205,-7.064588887954205,0.0519999999999996,0.03300000000000125,-7.064588887954205,24.145788470536363,166.75021891954157,"[""사망 전 추종 중 아님"", ""최근접 몸통이 추종 대상과 다름"", ""최근 2.5초 안정 유지 표본 없음"", ""빠른 수직 접근"", ""평행 주행 아님"", ""다른 머리 간섭 가능""]",parallel_offset_t3_rebuild,1002-11dad5e1,/home/datawave/Work_AI/슬리더/runs/t3_20261002_103336/slp_05_box.json.gz,gentle_curve
246,25.3,18.193396226415096,32.56549418158019,-10.927902044834905,-2.580767822632272,excluded_death,6,t3_20261002_103336,114.953,16,5.833333333333333,cruise_speed,0,-10.927902044834905,-10.927902044834905,0.046999999999997044,0.034000000000006025,-10.927902044834905,32.56549418158019,364.07803816078825,"[""사망 전 추종 중 아님"", ""최근접 몸통이 추종 대상과 다름"", ""최근 2.5초 안정 유지 표본 없음"", ""빠른 수직 접근"", ""평행 주행 아님"", ""접촉 구간 곡률 큼""]",parallel_offset_t3_rebuild,1002-11dad5e1,/home/datawave/Work_AI/슬리더/runs/t3_20261002_103336/slp_06_box.json.gz,gentle_curve
9,17,18.74056603773585,16.209579014899727,-19.530987022836122,2.0929196072371634,excluded_death,1,t3_20261002_104400,91.775,16,5.833333333333333,cruise_speed,0,-19.530987022836122,-19.530987022836122,0.024999999999991473,0.04400000000001114,-19.530987022836122,16.209579014899727,132.03098470430697,"[""사망 전 추종 중 아님"", ""최근접 몸통이 추종 대상과 다름"", ""최근 2.5초 안정 유지 표본 없음"", ""다른 머리 간섭 가능""]",parallel_offset_t3_rebuild,1002-11dad5e1,/home/datawave/Work_AI/슬리더/runs/t3_20261002_104400/slp_01_box.json.gz,gentle_curve
299,24.1,15.047169811320755,30.384468846693874,-8.762700964626882,2.3447007434772056,excluded_death,2,t3_20261002_104400,51.877,15,5.777777777777778,cruise_speed,0,-8.762700964626882,-8.762700964626882,0.022999999999996135,0.036999999999999034,-8.762700964626882,30.384468846693874,295.6895484934699,"[""사망 전 추종 중 아님"", ""최근접 몸통이 추종 대상과 다름"", ""최근 2.5초 안정 유지 표본 없음""]",parallel_offset_t3_rebuild,1002-11dad5e1,/home/datawave/Work_AI/슬리더/runs/t3_20261002_104400/slp_02_box.json.gz,straight
212,22.6,15.183962264150946,30.92714165075548,-6.856820613395467,-1.3909428270023456,excluded_death,3,t3_20261002_104400,34.649,16,5.79,cruise_speed,0,-6.856820613395467,-6.856820613395467,0.05100000000000193,0.03999999999999915,-6.856820613395467,30.92714165075548,30.892775070004657,"[""사망 전 추종 중 아님"", ""최근접 몸통이 추종 대상과 다름"", ""최근 2.5초 안정 유지 표본 없음"", ""빠른 수직 접근"", ""평행 주행 아님"", ""다른 머리 간섭 가능""]",parallel_offset_t3_rebuild,1002-11dad5e1,/home/datawave/Work_AI/슬리더/runs/t3_20261002_104400/slp_03_box.json.gz,gentle_curve
314,33.7,18.056603773584904,47.301241405433544,-4.455362368151363,-1.1752251760522434,excluded_death,4,t3_20261002_104400,95.069,16,5.777777777777778,cruise_speed,0,-4.455362368151363,-4.455362368151363,0.0309999999999917,0.009000000000000341,-4.455362368151363,47.301241405433544,556.313563836907,"[""사망 전 추종 중 아님"", ""최근접 몸통이 추종 대상과 다름"", ""최근 2.5초 안정 유지 표본 없음"", ""빠른 수직 접근"", ""평행 주행 아님""]",parallel_offset_t3_rebuild,1002-11dad5e1,/home/datawave/Work_AI/슬리더/runs/t3_20261002_104400/slp_04_box.json.gz,straight
337,17.4,14.910377358490567,27.657283134715982,-4.653094223774584,2.9666442114946565,excluded_death,5,t3_20261002_104400,16.383,16,5.79,cruise_speed,0,-4.653094223774584,-4.653094223774584,0.01699999999999946,0.02699999999999747,-4.653094223774584,27.657283134715982,42.48941282773769,"[""사망 전 추종 중 아님"", ""최근접 몸통이 추종 대상과 다름"", ""최근 2.5초 안정 유지 표본 없음"", ""다른 머리 간섭 가능""]",parallel_offset_t3_rebuild,1002-11dad5e1,/home/datawave/Work_AI/슬리더/runs/t3_20261002_104400/slp_05_box.json.gz,straight
416,47.6,21.61320754716981,65.0928708914297,-4.120336655740115,2.8437102447368803,excluded_death,6,t3_20261002_104400,112.649,16,5.833333333333333,cruise_speed,0,-4.120336655740115,-4.120336655740115,0.05100000000000193,0.03100000000000591,-4.120336655740115,65.0928708914297,395.0059100317702,"[""사망 전 추종 중 아님"", ""최근접 몸통이 추종 대상과 다름"", ""최근 2.5초 안정 유지 표본 없음"", ""빠른 수직 접근"", ""평행 주행 아님""]",parallel_offset_t3_rebuild,1002-11dad5e1,/home/datawave/Work_AI/슬리더/runs/t3_20261002_104400/slp_06_box.json.gz,gentle_curve
90,14.5,14.636792452830191,20.28843917753416,-8.848353275296033,2.469079706194417,excluded_death,1,t3_20261002_105337,21.002,16,5.79,cruise_speed,0,-8.848353275296033,-8.848353275296033,-0.0019999999999988916,0.03200000000000003,-8.848353275296033,20.28843917753416,74.98791960740722,"[""사망 전 추종 중 아님"", ""최근접 몸통이 추종 대상과 다름"", ""최근 2.5초 안정 유지 표본 없음"", ""빠른 수직 접근"", ""사망 전 관측 시점 불확실"", ""다른 머리 간섭 가능""]",parallel_offset_t3_rebuild,1002-11dad5e1,/home/datawave/Work_AI/슬리더/runs/t3_20261002_105337/slp_01_box.json.gz,gentle_curve
126,26.7,14.910377358490567,38.70198709737537,-2.908390261115194,-2.0594868688263777,excluded_death,2,t3_20261002_105337,52.653,16,5.777777777777778,cruise_speed,0,-2.908390261115194,-2.908390261115194,0.04700000000000415,0.02599999999999625,-2.908390261115194,38.70198709737537,81.7355963432325,"[""사망 전 추종 중 아님"", ""최근 2.5초 안정 유지 표본 없음"", ""빠른 수직 접근"", ""평행 주행 아님"", ""다른 머리 간섭 가능""]",parallel_offset_t3_rebuild,1002-11dad5e1,/home/datawave/Work_AI/슬리더/runs/t3_20261002_105337/slp_02_box.json.gz,gentle_curve
364,31.9,15.183962264150946,46.45552531241249,-0.628436951738454,0.2542622160471736,excluded_death,3,t3_20261002_105337,57.259,16,5.777777777777778,cruise_speed,0,-0.628436951738454,-0.628436951738454,0.04099999999999682,0.026000000000003354,-0.628436951738454,46.45552531241249,193.13460075166503,"[""사망 전 추종 중 아님"", ""최근접 몸통이 추종 대상과 다름"", ""최근 2.5초 안정 유지 표본 없음"", ""빠른 수직 접근"", ""평행 주행 아님"", ""다른 머리 간섭 가능""]",parallel_offset_t3_rebuild,1002-11dad5e1,/home/datawave/Work_AI/슬리더/runs/t3_20261002_105337/slp_03_box.json.gz,gentle_curve
385,18.7,15.867924528301886,25.564384204376754,-9.003540323925131,-1.051650212548353,excluded_death,4,t3_20261002_105337,53.793,16,5.777777777777778,cruise_speed,0,-9.003540323925131,-9.003540323925131,0.006999999999997897,0.031999999999996476,-9.003540323925131,25.564384204376754,77.75742386625889,"[""사망 전 추종 중 아님"", ""최근접 몸통이 추종 대상과 다름"", ""최근 2.5초 안정 유지 표본 없음"", ""빠른 수직 접근"", ""평행 주행 아님"", ""접촉 구간 곡률 큼"", ""다른 머리 간섭 가능""]",parallel_offset_t3_rebuild,1002-11dad5e1,/home/datawave/Work_AI/슬리더/runs/t3_20261002_105337/slp_04_box.json.gz,gentle_curve
60,36.5,18.87735849056604,49.27567895540276,-6.101679535163278,2.957111504879579,excluded_death,5,t3_20261002_105337,168.627,16,5.777777777777778,cruise_speed,0,-6.101679535163278,-6.101679535163278,0.07299999999997908,0.03100000000000591,-6.101679535163278,49.27567895540276,100.06313447618176,"[""사망 전 추종 중 아님"", ""최근 2.5초 안정 유지 표본 없음"", ""빠른 수직 접근"", ""평행 주행 아님"", ""접촉 구간 곡률 큼"", ""다른 머리 간섭 가능""]",parallel_offset_t3_rebuild,1002-11dad5e1,/home/datawave/Work_AI/슬리더/runs/t3_20261002_105337/slp_05_box.json.gz,gentle_curve
206,19.8,14.773584905660377,31.95286711057631,-2.620717795084067,0.6122325545863373,excluded_death,6,t3_20261002_105337,16.675,16,5.79,cruise_speed,0,-2.620717795084067,-2.620717795084067,0.02499999999999858,0.028999999999999915,-2.620717795084067,31.95286711057631,253.3449851211516,"[""사망 전 추종 중 아님"", ""최근접 몸통이 추종 대상과 다름"", ""최근 2.5초 안정 유지 표본 없음""]",parallel_offset_t3_rebuild,1002-11dad5e1,/home/datawave/Work_AI/슬리더/runs/t3_20261002_105337/slp_06_box.json.gz,straight
252,56.8,15.183962264150946,61.82575204084311,-10.15821022330783,2.36520325548274,excluded_death,1,t3_20261002_110217,53.484,16,5.777777777777778,cruise_speed,0,-10.15821022330783,-10.15821022330783,0.015999999999998238,0.030000000000001137,-10.15821022330783,61.82575204084311,466.6206123077144,"[""사망 전 추종 중 아님"", ""최근접 몸통이 추종 대상과 다름"", ""최근 2.5초 안정 유지 표본 없음""]",parallel_offset_t3_rebuild,1002-11dad5e1,/home/datawave/Work_AI/슬리더/runs/t3_20261002_110217/slp_01_box.json.gz,straight
36,15.3,14.910377358490567,14.595745358435003,-15.614632000055565,2.4185083133120604,excluded_death,2,t3_20261002_110217,27.91,16,5.777777777777778,cruise_speed,0,-15.614632000055565,-15.614632000055565,-0.010000000000001563,0.030999999999998806,-15.614632000055565,14.595745358435003,98.94718557690163,"[""사망 전 추종 중 아님"", ""최근접 몸통이 추종 대상과 다름"", ""최근 2.5초 안정 유지 표본 없음"", ""사망 전 관측 시점 불확실"", ""다른 머리 간섭 가능""]",parallel_offset_t3_rebuild,1002-11dad5e1,/home/datawave/Work_AI/슬리더/runs/t3_20261002_110217/slp_02_box.json.gz,straight
114,14.9,14.910377358490567,21.051302963183396,-8.759074395307172,-2.9909357152406835,excluded_death,3,t3_20261002_110217,13.887,16,5.777777777777778,cruise_speed,0,-8.759074395307172,-8.759074395307172,0.0129999999999999,0.03300000000000125,-8.759074395307172,21.051302963183396,74.70014019566737,"[""사망 전 추종 중 아님"", ""최근접 몸통이 추종 대상과 다름"", ""최근 2.5초 안정 유지 표본 없음"", ""다른 머리 간섭 가능""]",parallel_offset_t3_rebuild,1002-11dad5e1,/home/datawave/Work_AI/슬리더/runs/t3_20261002_110217/slp_03_box.json.gz,straight
30,14.8,15.731132075471699,19.28760786194224,-11.243524213529458,1.4051959782276124,excluded_death,4,t3_20261002_110217,57.881,16,5.777777777777778,cruise_speed,0,-11.243524213529458,-11.243524213529458,0.01899999999999835,0.02300000000000324,-11.243524213529458,19.28760786194224,22.508513232975275,"[""사망 전 추종 중 아님"", ""최근접 몸통이 추종 대상과 다름"", ""최근 2.5초 안정 유지 표본 없음"", ""빠른 수직 접근"", ""평행 주행 아님"", ""다른 머리 간섭 가능""]",parallel_offset_t3_rebuild,1002-11dad5e1,/home/datawave/Work_AI/슬리더/runs/t3_20261002_110217/slp_04_box.json.gz,gentle_curve
290,42.8,15.183962264150946,51.47129375591185,-6.512668508239091,1.2490457723983057,excluded_death,5,t3_20261002_110217,43.057,16,5.79,cruise_speed,0,-6.512668508239091,-6.512668508239091,0.04299999999999926,0.03300000000000125,-6.512668508239091,51.47129375591185,138.6283788034615,"[""사망 전 추종 중 아님"", ""최근 2.5초 안정 유지 표본 없음"", ""빠른 수직 접근"", ""평행 주행 아님"", ""다른 머리 간섭 가능""]",parallel_offset_t3_rebuild,1002-11dad5e1,/home/datawave/Work_AI/슬리더/runs/t3_20261002_110217/slp_05_box.json.gz,gentle_curve
131,40.1,14.636792452830191,45.657528371187055,-9.079264081643137,0.1910126678103669,excluded_death,6,t3_20261002_110217,9.669,16,5.79,cruise_speed,0,-9.079264081643137,-9.079264081643137,0.030999999999998806,0.031000000000000583,-9.079264081643137,45.657528371187055,256.294426135555,"[""사망 전 추종 중 아님"", ""최근접 몸통이 추종 대상과 다름"", ""최근 2.5초 안정 유지 표본 없음""]",parallel_offset_t3_rebuild,1002-11dad5e1,/home/datawave/Work_AI/슬리더/runs/t3_20261002_110217/slp_06_box.json.gz,straight
154,30.9,15.183962264150946,37.04845592369209,-9.035506340458856,-1.735945004209566,excluded_death,1,t3_20261002_110740,34.609,16,5.777777777777778,cruise_speed,0,-9.035506340458856,-9.035506340458856,-0.009000000000000341,0.03300000000000125,-9.035506340458856,37.04845592369209,37.05675523775878,"[""사망 전 추종 중 아님"", ""최근접 몸통이 추종 대상과 다름"", ""최근 2.5초 안정 유지 표본 없음"", ""사망 전 관측 시점 불확실"", ""다른 머리 간섭 가능""]",parallel_offset_t3_rebuild,1002-11dad5e1,/home/datawave/Work_AI/슬리더/runs/t3_20261002_110740/slp_01_box.json.gz,straight
143,42.7,15.047169811320755,46.4370177312268,-11.310152080093955,-1.9240002529487352,excluded_death,2,t3_20261002_110740,44.079,15,5.777777777777778,cruise_speed,0,-11.310152080093955,-11.310152080093955,0.021000000000000796,0.03300000000000125,-11.310152080093955,46.4370177312268,895.7442462445157,"[""사망 전 추종 중 아님"", ""빠른 수직 접근"", ""평행 주행 아님""]",parallel_offset_t3_rebuild,1002-11dad5e1,/home/datawave/Work_AI/슬리더/runs/t3_20261002_110740/slp_02_box.json.gz,straight
107,27.1,15.457547169811322,41.17601049303568,-1.3815366767756405,2.9571115048793795,excluded_death,3,t3_20261002_110740,59.601,16,5.777777777777778,cruise_speed,0,-1.3815366767756405,-1.3815366767756405,0.09900000000000375,0.030999999999998806,-1.3815366767756405,41.17601049303568,275.2303575662297,"[""사망 전 추종 중 아님"", ""최근접 몸통이 추종 대상과 다름"", ""최근 2.5초 안정 유지 표본 없음"", ""빠른 수직 접근"", ""평행 주행 아님""]",parallel_offset_t3_rebuild,1002-11dad5e1,/home/datawave/Work_AI/슬리더/runs/t3_20261002_110740/slp_03_box.json.gz,straight
39,38.2,15.183962264150946,50.05278120930372,-3.3311810548472316,3.0239943129787172,excluded_death,4,t3_20261002_110740,14.135,16,5.79,cruise_speed,0,-3.3311810548472316,-3.3311810548472316,0.0649999999999995,0.02999999999999936,-3.3311810548472316,50.05278120930372,459.1514411710359,"[""사망 전 추종 중 아님"", ""최근 2.5초 안정 유지 표본 없음"", ""평행 주행 아님""]",parallel_offset_t3_rebuild,1002-11dad5e1,/home/datawave/Work_AI/슬리더/runs/t3_20261002_110740/slp_04_box.json.gz,straight
488,50.2,15.867924528301886,61.90868563413019,-4.159238894171702,2.1330811291372993,excluded_death,5,t3_20261002_110740,73.858,16,5.777777777777778,cruise_speed,0,-4.159238894171702,-4.159238894171702,0.04200000000000159,0.025000000000005684,-4.159238894171702,61.90868563413019,200.04442363093594,"[""사망 전 추종 중 아님"", ""최근접 몸통이 추종 대상과 다름"", ""최근 2.5초 안정 유지 표본 없음"", ""다른 머리 간섭 가능""]",parallel_offset_t3_rebuild,1002-11dad5e1,/home/datawave/Work_AI/슬리더/runs/t3_20261002_110740/slp_05_box.json.gz,straight
343,15.2,16.68867924528302,24.736353106051748,-7.1523261392312705,-1.8209712480028823,excluded_death,6,t3_20261002_110740,53.975,16,5.777777777777778,cruise_speed,0,-7.1523261392312705,-7.1523261392312705,0.02499999999999858,0.03200000000000358,-7.1523261392312705,24.736353106051748,68.16657390027578,"[""사망 전 추종 중 아님"", ""최근접 몸통이 추종 대상과 다름"", ""최근 2.5초 안정 유지 표본 없음"", ""빠른 수직 접근"", ""평행 주행 아님"", ""다른 머리 간섭 가능""]",parallel_offset_t3_rebuild,1002-11dad5e1,/home/datawave/Work_AI/슬리더/runs/t3_20261002_110740/slp_06_box.json.gz,gentle_curve
303,21.1,15.183962264150946,37.4172630645103,1.133300800359354,0.9930874772988296,excluded_death,1,t3_20261002_111437,35.215,16,5.79,cruise_speed,0,1.133300800359354,1.133300800359354,-0.015000000000000568,0.06400000000000006,1.133300800359354,37.4172630645103,264.5246872531796,"[""사망 전 추종 중 아님"", ""최근접 몸통이 추종 대상과 다름"", ""최근 2.5초 안정 유지 표본 없음"", ""사망 전 관측 시점 불확실""]",parallel_offset_t3_rebuild,1002-11dad5e1,/home/datawave/Work_AI/슬리더/runs/t3_20261002_111437/slp_01_box.json.gz,straight
54,38.2,14.910377358490567,49.973538883178364,-3.1368384753122065,1.4356600788294651,excluded_death,2,t3_20261002_111437,26.121,16,5.79,cruise_speed,0,-3.1368384753122065,-3.1368384753122065,0.07900000000000063,0.0329999999999977,-3.1368384753122065,49.973538883178364,318.36892748729116,"[""사망 전 추종 중 아님"", ""최근접 몸통이 추종 대상과 다름"", ""최근 2.5초 안정 유지 표본 없음"", ""빠른 수직 접근"", ""평행 주행 아님""]",parallel_offset_t3_rebuild,1002-11dad5e1,/home/datawave/Work_AI/슬리더/runs/t3_20261002_111437/slp_02_box.json.gz,gentle_curve
241,41.2,15.320754716981131,44.792518299738084,-11.72823641724305,2.5601003747288504,excluded_death,3,t3_20261002_111437,50.964,15,5.79,cruise_speed,0,-11.72823641724305,-11.72823641724305,0.036000000000001364,0.04200000000000159,-11.72823641724305,44.792518299738084,89.10384490900093,"[""사망 전 추종 중 아님"", ""최근 2.5초 안정 유지 표본 없음"", ""빠른 수직 접근"", ""평행 주행 아님"", ""다른 머리 간섭 가능""]",parallel_offset_t3_rebuild,1002-11dad5e1,/home/datawave/Work_AI/슬리더/runs/t3_20261002_111437/slp_03_box.json.gz,gentle_curve
292,39.5,15.731132075471699,47.08980578467949,-8.141326290792207,-2.731465313048765,excluded_death,4,t3_20261002_111437,18.34,16,5.79,cruise_speed,0,-8.141326290792207,-8.141326290792207,0.05999999999999872,0.038000000000000256,-8.141326290792207,47.08980578467949,440.4912422537289,"[""사망 전 추종 중 아님"", ""최근접 몸통이 추종 대상과 다름"", ""최근 2.5초 안정 유지 표본 없음""]",parallel_offset_t3_rebuild,1002-11dad5e1,/home/datawave/Work_AI/슬리더/runs/t3_20261002_111437/slp_04_box.json.gz,straight
264,14.6,15.183962264150946,30.622185802736155,0.8382235385852077,1.1721583676718086,excluded_death,5,t3_20261002_111437,30.458,16,5.79,cruise_speed,0,0.8382235385852077,0.8382235385852077,0.04200000000000159,0.03200000000000003,0.8382235385852077,30.622185802736155,61.284086003152275,"[""사망 전 추종 중 아님"", ""최근접 몸통이 추종 대상과 다름"", ""최근 2.5초 안정 유지 표본 없음"", ""다른 머리 간섭 가능""]",parallel_offset_t3_rebuild,1002-11dad5e1,/home/datawave/Work_AI/슬리더/runs/t3_20261002_111437/slp_05_box.json.gz,straight
506,44.7,15.867924528301886,48.92184059908494,-11.646083929216951,2.761086276477518,excluded_death,6,t3_20261002_111437,68.301,16,5.777777777777778,cruise_speed,0,-11.646083929216951,-11.646083929216951,-0.0010000000000047748,0.034000000000006025,-11.646083929216951,48.92184059908494,157.20707873968632,"[""사망 전 추종 중 아님"", ""최근접 몸통이 추종 대상과 다름"", ""최근 2.5초 안정 유지 표본 없음"", ""사망 전 관측 시점 불확실"", ""다른 머리 간섭 가능""]",parallel_offset_t3_rebuild,1002-11dad5e1,/home/datawave/Work_AI/슬리더/runs/t3_20261002_111437/slp_06_box.json.gz,straight
338,17,14.5,36.35311003406382,4.853110034063818,0.3810335251922484,excluded_death,1,t3_20261002_112043,4.781,16,5.777777777777778,cruise_speed,0,4.853110034063818,4.853110034063818,0.019000000000000128,0.021999999999999353,4.853110034063818,36.35311003406382,36.33839106154744,"[""사망 전 추종 중 아님"", ""최근접 몸통이 추종 대상과 다름"", ""최근 2.5초 안정 유지 표본 없음"", ""평행 주행 아님"", ""다른 머리 간섭 가능""]",parallel_offset_t3_rebuild,1002-11dad5e1,/home/datawave/Work_AI/슬리더/runs/t3_20261002_112043/slp_01_box.json.gz,gentle_curve
267,22.2,14.773584905660377,32.60962928533035,-4.363955620330026,0.6739968947418327,excluded_death,2,t3_20261002_112043,14.389,16,5.79,cruise_speed,0,-4.363955620330026,-4.363955620330026,0.011000000000001009,0.03999999999999915,-4.363955620330026,32.60962928533035,66.8067177368618,"[""사망 전 추종 중 아님"", ""최근접 몸통이 추종 대상과 다름"", ""최근 2.5초 안정 유지 표본 없음"", ""빠른 수직 접근"", ""평행 주행 아님"", ""접촉 구간 곡률 큼"", ""다른 머리 간섭 가능""]",parallel_offset_t3_rebuild,1002-11dad5e1,/home/datawave/Work_AI/슬리더/runs/t3_20261002_112043/slp_02_box.json.gz,gentle_curve
465,40.9,15.457547169811322,44.08385726428842,-12.273689905522902,-1.0848400461420347,excluded_death,3,t3_20261002_112043,56.674,16,5.79,cruise_speed,0,-12.273689905522902,-12.273689905522902,0.026000000000003354,0.03300000000000125,-12.273689905522902,44.08385726428842,754.2235260530938,"[""사망 전 추종 중 아님"", ""최근접 몸통이 추종 대상과 다름"", ""최근 2.5초 안정 유지 표본 없음"", ""빠른 수직 접근""]",parallel_offset_t3_rebuild,1002-11dad5e1,/home/datawave/Work_AI/슬리더/runs/t3_20261002_112043/slp_03_box.json.gz,gentle_curve
245,15.6,15.457547169811322,30.446952219294893,-0.610594950516429,-1.5139182402406528,excluded_death,4,t3_20261002_112043,61.91,15,5.777777777777778,cruise_speed,0,-0.610594950516429,-0.610594950516429,-0.00999999999999801,0.03899999999999437,-0.610594950516429,30.446952219294893,30.51350725603634,"[""사망 전 추종 중 아님"", ""최근접 몸통이 추종 대상과 다름"", ""빠른 수직 접근"", ""평행 주행 아님"", ""사망 전 관측 시점 불확실"", ""다른 머리 간섭 가능""]",parallel_offset_t3_rebuild,1002-11dad5e1,/home/datawave/Work_AI/슬리더/runs/t3_20261002_112043/slp_04_box.json.gz,gentle_curve
51,14.8,14.773584905660377,18.522769808588965,-11.050815097071412,0.10014236159833395,excluded_death,5,t3_20261002_112043,24.533,16,5.79,cruise_speed,0,-11.050815097071412,-11.050815097071412,0.06700000000000017,0.036000000000001364,-11.050815097071412,18.522769808588965,36.97533140862592,"[""사망 전 추종 중 아님"", ""최근접 몸통이 추종 대상과 다름"", ""최근 2.5초 안정 유지 표본 없음"", ""빠른 수직 접근"", ""평행 주행 아님"", ""다른 머리 간섭 가능""]",parallel_offset_t3_rebuild,1002-11dad5e1,/home/datawave/Work_AI/슬리더/runs/t3_20261002_112043/slp_05_box.json.gz,gentle_curve
28,15.3,15.867924528301886,16.509052749078567,-14.65887177922332,2.263587564953484,excluded_death,6,t3_20261002_112043,46.657,16,5.777777777777778,cruise_speed,0,-14.65887177922332,-14.65887177922332,0.043000000000006366,0.031999999999996476,-14.65887177922332,16.509052749078567,159.90723118122344,"[""사망 전 추종 중 아님"", ""최근접 몸통이 추종 대상과 다름"", ""최근 2.5초 안정 유지 표본 없음"", ""빠른 수직 접근"", ""평행 주행 아님"", ""다른 머리 간섭 가능""]",parallel_offset_t3_rebuild,1002-11dad5e1,/home/datawave/Work_AI/슬리더/runs/t3_20261002_112043/slp_06_box.json.gz,straight
47,15.2,15.183962264150946,14.932085959538972,-15.451876304611973,1.845178278125716,excluded_death,1,t3_20261002_112638,36.757,16,5.79,cruise_speed,0,-15.451876304611973,-15.451876304611973,0.04299999999999926,0.02400000000000091,-15.451876304611973,14.932085959538972,40.55662623602281,"[""사망 전 추종 중 아님"", ""최근접 몸통이 추종 대상과 다름"", ""최근 2.5초 안정 유지 표본 없음"", ""평행 주행 아님"", ""다른 머리 간섭 가능""]",parallel_offset_t3_rebuild,1002-11dad5e1,/home/datawave/Work_AI/슬리더/runs/t3_20261002_112638/slp_01_box.json.gz,gentle_curve
52,32,15.183962264150946,41.73073653381891,-5.453225730332033,1.8076450877419394,excluded_death,2,t3_20261002_112638,35.283,16,5.79,cruise_speed,0,-5.453225730332033,-5.453225730332033,0.016999999999995907,0.01899999999999835,-5.453225730332033,41.73073653381891,403.39254961217097,"[""사망 전 추종 중 아님"", ""최근접 몸통이 추종 대상과 다름"", ""최근 2.5초 안정 유지 표본 없음"", ""빠른 수직 접근"", ""평행 주행 아님""]",parallel_offset_t3_rebuild,1002-11dad5e1,/home/datawave/Work_AI/슬리더/runs/t3_20261002_112638/slp_02_box.json.gz,gentle_curve
195,26.4,14.636792452830191,33.14898200114173,-7.887810451688457,1.2234489545453504,excluded_death,3,t3_20261002_112638,12.118,16,5.79,cruise_speed,0,-7.887810451688457,-7.887810451688457,-0.018000000000000682,0.03700000000000081,-7.887810451688457,33.14898200114173,39.95120822723992,"[""사망 전 추종 중 아님"", ""최근접 몸통이 추종 대상과 다름"", ""최근 2.5초 안정 유지 표본 없음"", ""빠른 수직 접근"", ""평행 주행 아님"", ""사망 전 관측 시점 불확실"", ""다른 머리 간섭 가능""]",parallel_offset_t3_rebuild,1002-11dad5e1,/home/datawave/Work_AI/슬리더/runs/t3_20261002_112638/slp_03_box.json.gz,gentle_curve
319,48.3,19.83490566037736,68.74756795639546,0.612662296018101,-0.8292297211231083,excluded_death,4,t3_20261002_112638,125.895,16,5.777777777777778,cruise_speed,0,0.612662296018101,0.612662296018101,0.005000000000009663,0.02599999999999625,0.612662296018101,68.74756795639546,327.0678027931483,"[""사망 전 추종 중 아님"", ""최근접 몸통이 추종 대상과 다름"", ""최근 2.5초 안정 유지 표본 없음""]",parallel_offset_t3_rebuild,1002-11dad5e1,/home/datawave/Work_AI/슬리더/runs/t3_20261002_112638/slp_04_box.json.gz,straight
272,14.9,15.047169811320755,12.855369931235494,-17.09179988008526,1.1955925955189932,excluded_death,5,t3_20261002_112638,19.6,16,5.79,cruise_speed,0,-17.09179988008526,-17.09179988008526,0.0,0.03300000000000125,-17.09179988008526,12.855369931235494,55.93776288027472,"[""사망 전 추종 중 아님"", ""최근접 몸통이 추종 대상과 다름"", ""최근 2.5초 안정 유지 표본 없음"", ""다른 머리 간섭 가능""]",parallel_offset_t3_rebuild,1002-11dad5e1,/home/datawave/Work_AI/슬리더/runs/t3_20261002_112638/slp_05_box.json.gz,straight
327,30,14.773584905660377,38.1621927887588,-6.611392116901575,-2.6992184306128197,excluded_death,6,t3_20261002_112638,14.101,16,5.79,cruise_speed,0,-6.611392116901575,-6.611392116901575,-0.0010000000000012221,0.03300000000000125,-6.611392116901575,38.1621927887588,84.96674483229017,"[""사망 전 추종 중 아님"", ""최근접 몸통이 추종 대상과 다름"", ""최근 2.5초 안정 유지 표본 없음"", ""사망 전 관측 시점 불확실"", ""다른 머리 간섭 가능""]",parallel_offset_t3_rebuild,1002-11dad5e1,/home/datawave/Work_AI/슬리더/runs/t3_20261002_112638/slp_06_box.json.gz,straight
344,42.3,15.183962264150946,51.883510470774155,-5.600451793376788,0.4813225358805984,excluded_death,1,t3_20261002_113306,41.888,16,5.79,cruise_speed,0,-5.600451793376788,-5.600451793376788,0.012000000000000455,0.04999999999999716,-5.600451793376788,51.883510470774155,497.56682840202814,"[""사망 전 추종 중 아님"", ""최근접 몸통이 추종 대상과 다름"", ""최근 2.5초 안정 유지 표본 없음""]",parallel_offset_t3_rebuild,1002-11dad5e1,/home/datawave/Work_AI/슬리더/runs/t3_20261002_113306/slp_01_box.json.gz,gentle_curve
223,26.5,17.37264150943396,33.88188968333611,-9.99075182609785,0.9420000403793162,excluded_death,2,t3_20261002_113306,55.44,16,5.79,cruise_speed,0,-9.99075182609785,-9.99075182609785,0.060000000000002274,0.030999999999998806,-9.99075182609785,33.88188968333611,317.0070934801345,"[""사망 전 추종 중 아님"", ""최근접 몸통이 추종 대상과 다름"", ""최근 2.5초 안정 유지 표본 없음"", ""빠른 수직 접근"", ""평행 주행 아님""]",parallel_offset_t3_rebuild,1002-11dad5e1,/home/datawave/Work_AI/슬리더/runs/t3_20261002_113306/slp_02_box.json.gz,gentle_curve
441,33.4,15.183962264150946,46.45441407197516,-2.129548192175786,1.406337780395558,excluded_death,3,t3_20261002_113306,52.2,16,5.79,cruise_speed,0,-2.129548192175786,-2.129548192175786,0.0,0.054999999999999716,-2.129548192175786,46.45441407197516,315.9236942287568,"[""사망 전 추종 중 아님"", ""최근 2.5초 안정 유지 표본 없음"", ""빠른 수직 접근"", ""평행 주행 아님""]",parallel_offset_t3_rebuild,1002-11dad5e1,/home/datawave/Work_AI/슬리더/runs/t3_20261002_113306/slp_03_box.json.gz,gentle_curve
9,16.3,15.047169811320755,23.783925330710748,-7.563244480610008,-0.9458468477725399,excluded_death,4,t3_20261002_113306,10.558,16,5.777777777777778,cruise_speed,0,-7.563244480610008,-7.563244480610008,0.041999999999999815,0.02800000000000047,-7.563244480610008,23.783925330710748,33.09370202283881,"[""사망 전 추종 중 아님"", ""최근접 몸통이 추종 대상과 다름"", ""최근 2.5초 안정 유지 표본 없음"", ""다른 머리 간섭 가능""]",parallel_offset_t3_rebuild,1002-11dad5e1,/home/datawave/Work_AI/슬리더/runs/t3_20261002_113306/slp_04_box.json.gz,straight
24,42.8,16.141509433962263,42.54570221422732,-16.39580721973494,1.5793431272275387,excluded_death,5,t3_20261002_113306,105.851,15,5.777777777777778,cruise_speed,0,-16.39580721973494,-16.39580721973494,0.049000000000006594,0.060000000000002274,-16.39580721973494,42.54570221422732,317.41294951189275,"[""사망 전 추종 중 아님"", ""최근접 몸통이 추종 대상과 다름""]",parallel_offset_t3_rebuild,1002-11dad5e1,/home/datawave/Work_AI/슬리더/runs/t3_20261002_113306/slp_05_box.json.gz,gentle_curve
465,36.9,14.773584905660377,43.444591564950876,-8.228993340709499,-0.8553475484380275,excluded_death,6,t3_20261002_113306,28.64,14,5.79,cruise_speed,0,-8.228993340709499,-8.228993340709499,0.05999999999999872,0.03300000000000125,-8.228993340709499,43.444591564950876,253.17277868103284,"[""사망 전 추종 중 아님"", ""빠른 수직 접근"", ""평행 주행 아님""]",parallel_offset_t3_rebuild,1002-11dad5e1,/home/datawave/Work_AI/슬리더/runs/t3_20261002_113306/slp_06_box.json.gz,gentle_curve
362,27.8,16.004716981132077,37.9210989406063,-5.8836180405257785,-2.5327868097286776,excluded_death,1,t3_20261002_114036,72.886,16,5.777777777777778,cruise_speed,0,-5.8836180405257785,-5.8836180405257785,0.014000000000010004,0.030000000000001137,-5.8836180405257785,37.9210989406063,408.71117531072827,"[""사망 전 추종 중 아님"", ""최근접 몸통이 추종 대상과 다름"", ""최근 2.5초 안정 유지 표본 없음""]",parallel_offset_t3_rebuild,1002-11dad5e1,/home/datawave/Work_AI/슬리더/runs/t3_20261002_114036/slp_01_box.json.gz,straight
328,31.1,15.320754716981131,42.205736332303914,-4.215018384677219,2.465194712054458,excluded_death,2,t3_20261002_114036,66.784,16,5.777777777777778,cruise_speed,0,-4.215018384677219,-4.215018384677219,0.015999999999991132,0.03200000000001069,-4.215018384677219,42.205736332303914,197.9797409003624,"[""사망 전 추종 중 아님"", ""최근접 몸통이 추종 대상과 다름"", ""최근 2.5초 안정 유지 표본 없음"", ""다른 머리 간섭 가능""]",parallel_offset_t3_rebuild,1002-11dad5e1,/home/datawave/Work_AI/슬리더/runs/t3_20261002_114036/slp_02_box.json.gz,straight
254,30,15.59433962264151,35.075424882646026,-10.518914739995484,-2.872574906235605,excluded_death,3,t3_20261002_114036,80.35,16,5.777777777777778,cruise_speed,0,-10.518914739995484,-10.518914739995484,0.05000000000001137,0.03300000000000125,-10.518914739995484,35.075424882646026,143.3517042234043,"[""사망 전 추종 중 아님"", ""최근 2.5초 안정 유지 표본 없음"", ""빠른 수직 접근"", ""평행 주행 아님"", ""접촉 구간 곡률 큼"", ""다른 머리 간섭 가능""]",parallel_offset_t3_rebuild,1002-11dad5e1,/home/datawave/Work_AI/슬리더/runs/t3_20261002_114036/slp_03_box.json.gz,gentle_curve
136,56.1,14.910377358490567,68.72899526343096,-2.281382095059609,0.5351508451228252,excluded_death,4,t3_20261002_114036,39.513,12,5.79,cruise_speed,0,-2.281382095059609,-2.281382095059609,-0.012999999999998124,0.03999999999999915,-2.281382095059609,68.72899526343096,475.99391900051285,"[""사망 전 추종 중 아님"", ""최근 2.5초 안정 유지 표본 없음"", ""빠른 수직 접근"", ""평행 주행 아님"", ""접촉 구간 곡률 큼"", ""사망 전 관측 시점 불확실""]",parallel_offset_t3_rebuild,1002-11dad5e1,/home/datawave/Work_AI/슬리더/runs/t3_20261002_114036/slp_04_box.json.gz,gentle_curve
197,14.5,14.5,24.634487411519977,-4.365512588480023,0.7412628054160322,excluded_death,5,t3_20261002_114036,8.364,16,5.79,cruise_speed,0,-4.365512588480023,-4.365512588480023,0.03599999999999959,0.03200000000000003,-4.365512588480023,24.634487411519977,33.93420090854368,"[""사망 전 추종 중 아님"", ""최근접 몸통이 추종 대상과 다름"", ""최근 2.5초 안정 유지 표본 없음"", ""빠른 수직 접근"", ""평행 주행 아님"", ""다른 머리 간섭 가능""]",parallel_offset_t3_rebuild,1002-11dad5e1,/home/datawave/Work_AI/슬리더/runs/t3_20261002_114036/slp_05_box.json.gz,gentle_curve
19,14.6,16.004716981132077,15.143618021200693,-15.461098959931384,-1.1721583676717748,excluded_death,6,t3_20261002_114036,71.356,16,5.79,cruise_speed,0,-15.461098959931384,-15.461098959931384,0.04400000000001114,0.031999999999996476,-15.461098959931384,15.143618021200693,74.9313395535269,"[""사망 전 추종 중 아님"", ""최근접 몸통이 추종 대상과 다름"", ""최근 2.5초 안정 유지 표본 없음"", ""다른 머리 간섭 가능""]",parallel_offset_t3_rebuild,1002-11dad5e1,/home/datawave/Work_AI/슬리더/runs/t3_20261002_114036/slp_06_box.json.gz,gentle_curve
50,48.4,15.320754716981131,50.25826811126578,-13.462486605715352,-1.0405805540181194,excluded_death,1,t3_20261002_114853,31.195,16,5.777777777777778,cruise_speed,0,-13.462486605715352,-13.462486605715352,0.004999999999999005,0.04299999999999926,-13.462486605715352,50.25826811126578,94.01660500040933,"[""사망 전 추종 중 아님"", ""최근접 몸통이 추종 대상과 다름"", ""최근 2.5초 안정 유지 표본 없음"", ""빠른 수직 접근"", ""평행 주행 아님"", ""다른 머리 간섭 가능""]",parallel_offset_t3_rebuild,1002-11dad5e1,/home/datawave/Work_AI/슬리더/runs/t3_20261002_114853/slp_01_box.json.gz,gentle_curve
335,24.5,16.55188679245283,28.559016496460213,-12.492870295992617,2.6433113480844925,excluded_death,2,t3_20261002_114853,56.1,16,5.833333333333333,cruise_speed,0,-12.492870295992617,-12.492870295992617,0.0,0.035000000000003695,-12.492870295992617,28.559016496460213,146.1042092569233,"[""사망 전 추종 중 아님"", ""최근접 몸통이 추종 대상과 다름"", ""최근 2.5초 안정 유지 표본 없음"", ""빠른 수직 접근"", ""평행 주행 아님"", ""다른 머리 간섭 가능""]",parallel_offset_t3_rebuild,1002-11dad5e1,/home/datawave/Work_AI/슬리더/runs/t3_20261002_114853/slp_02_box.json.gz,gentle_curve
508,14.6,14.910377358490567,19.952434971560688,-9.557942386929879,-0.9477782986053641,excluded_death,3,t3_20261002_114853,30.912,16,5.79,cruise_speed,0,-9.557942386929879,-9.557942386929879,0.08800000000000097,0.0329999999999977,-9.557942386929879,19.952434971560688,69.23849508321292,"[""사망 전 추종 중 아님"", ""최근접 몸통이 추종 대상과 다름"", ""최근 2.5초 안정 유지 표본 없음"", ""다른 머리 간섭 가능""]",parallel_offset_t3_rebuild,1002-11dad5e1,/home/datawave/Work_AI/슬리더/runs/t3_20261002_114853/slp_03_box.json.gz,straight
120,14.8,14.910377358490567,22.37635190646347,-7.334025452027099,-1.3962619257740274,excluded_death,4,t3_20261002_114853,19.371,16,5.79,cruise_speed,0,-7.334025452027099,-7.334025452027099,0.028999999999999915,0.030999999999998806,-7.334025452027099,22.37635190646347,45.79169647135879,"[""사망 전 추종 중 아님"", ""최근접 몸통이 추종 대상과 다름"", ""최근 2.5초 안정 유지 표본 없음"", ""빠른 수직 접근"", ""평행 주행 아님"", ""접촉 구간 곡률 큼"", ""다른 머리 간섭 가능""]",parallel_offset_t3_rebuild,1002-11dad5e1,/home/datawave/Work_AI/슬리더/runs/t3_20261002_114853/slp_04_box.json.gz,gentle_curve
76,21.2,16.68867924528302,34.69907456312356,-3.189604682159459,0.847711986517164,excluded_death,5,t3_20261002_114853,73.138,16,5.833333333333333,cruise_speed,0,-3.189604682159459,-3.189604682159459,0.06199999999999761,0.03200000000001069,-3.189604682159459,34.69907456312356,48.99736882634405,"[""사망 전 추종 중 아님"", ""최근접 몸통이 추종 대상과 다름"", ""최근 2.5초 안정 유지 표본 없음"", ""다른 머리 간섭 가능""]",parallel_offset_t3_rebuild,1002-11dad5e1,/home/datawave/Work_AI/슬리더/runs/t3_20261002_114853/slp_05_box.json.gz,gentle_curve
280,16.6,21.066037735849054,31.66045189162448,-6.005585844224576,0.47212198240377673,excluded_death,6,t3_20261002_114853,53.006,16,5.833333333333333,cruise_speed,0,-6.005585844224576,-6.005585844224576,-0.006000000000000227,0.01899999999999835,-6.005585844224576,31.66045189162448,57.166052153413744,"[""사망 전 추종 중 아님"", ""최근접 몸통이 추종 대상과 다름"", ""최근 2.5초 안정 유지 표본 없음"", ""빠른 수직 접근"", ""평행 주행 아님"", ""사망 전 관측 시점 불확실"", ""다른 머리 간섭 가능""]",parallel_offset_t3_rebuild,1002-11dad5e1,/home/datawave/Work_AI/슬리더/runs/t3_20261002_114853/slp_06_box.json.gz,gentle_curve
301,26.9,18.193396226415096,37.56780766924689,-7.525588557168206,-2.5609754401352673,excluded_death,1,t3_20261002_115616,19.504,16,5.79,cruise_speed,0,-7.525588557168206,-7.525588557168206,-0.004000000000001336,0.06300000000000239,-7.525588557168206,37.56780766924689,247.8143969397018,"[""사망 전 추종 중 아님"", ""최근접 몸통이 추종 대상과 다름"", ""최근 2.5초 안정 유지 표본 없음"", ""빠른 수직 접근"", ""평행 주행 아님"", ""사망 전 관측 시점 불확실"", ""다른 머리 간섭 가능""]",parallel_offset_t3_rebuild,1002-11dad5e1,/home/datawave/Work_AI/슬리더/runs/t3_20261002_115616/slp_01_box.json.gz,gentle_curve
91,31.3,14.910377358490567,34.1409502551114,-12.06942710337917,-1.4911333417490462,excluded_death,2,t3_20261002_115616,36.282,16,5.777777777777778,cruise_speed,0,-12.06942710337917,-12.06942710337917,0.018000000000000682,0.04399999999999693,-12.06942710337917,34.1409502551114,274.59349753397373,"[""사망 전 추종 중 아님"", ""최근 2.5초 안정 유지 표본 없음"", ""빠른 수직 접근"", ""평행 주행 아님""]",parallel_offset_t3_rebuild,1002-11dad5e1,/home/datawave/Work_AI/슬리더/runs/t3_20261002_115616/slp_02_box.json.gz,gentle_curve
379,15.9,15.457547169811322,23.39252675350245,-7.965020416308871,0.873011137418985,excluded_death,3,t3_20261002_115616,56.794,16,5.79,cruise_speed,0,-7.965020416308871,-7.965020416308871,0.006000000000000227,0.0379999999999967,-7.965020416308871,23.39252675350245,51.388504052201,"[""사망 전 추종 중 아님"", ""최근접 몸통이 추종 대상과 다름"", ""최근 2.5초 안정 유지 표본 없음"", ""빠른 수직 접근"", ""평행 주행 아님"", ""다른 머리 간섭 가능""]",parallel_offset_t3_rebuild,1002-11dad5e1,/home/datawave/Work_AI/슬리더/runs/t3_20261002_115616/slp_03_box.json.gz,gentle_curve
20,28.5,15.047169811320755,38.15580807991182,-5.391361731408933,-1.1071487177940218,excluded_death,4,t3_20261002_115616,34.248,16,5.777777777777778,cruise_speed,0,-5.391361731408933,-5.391361731408933,0.0519999999999996,0.021000000000000796,-5.391361731408933,38.15580807991182,298.08232624257073,"[""사망 전 추종 중 아님"", ""최근 2.5초 안정 유지 표본 없음"", ""빠른 수직 접근"", ""평행 주행 아님""]",parallel_offset_t3_rebuild,1002-11dad5e1,/home/datawave/Work_AI/슬리더/runs/t3_20261002_115616/slp_04_box.json.gz,gentle_curve
267,32.3,15.59433962264151,37.29097226652592,-10.603367356115587,-2.1139859030830537,excluded_death,5,t3_20261002_115616,61.814,16,5.777777777777778,cruise_speed,0,-10.603367356115587,-10.603367356115587,-0.014000000000002899,0.03399999999999892,-10.603367356115587,37.29097226652592,552.4438718956868,"[""사망 전 추종 중 아님"", ""최근접 몸통이 추종 대상과 다름"", ""최근 2.5초 안정 유지 표본 없음"", ""빠른 수직 접근"", ""평행 주행 아님"", ""사망 전 관측 시점 불확실""]",parallel_offset_t3_rebuild,1002-11dad5e1,/home/datawave/Work_AI/슬리더/runs/t3_20261002_115616/slp_05_box.json.gz,gentle_curve
343,15.7,14.5,20.640858944444684,-9.559141055555315,1.6948561619642726,excluded_death,6,t3_20261002_115616,6.398,16,5.79,cruise_speed,0,-9.559141055555315,-9.559141055555315,0.002000000000000668,0.032999999999999474,-9.559141055555315,20.640858944444684,41.67912835220966,"[""사망 전 추종 중 아님"", ""최근접 몸통이 추종 대상과 다름"", ""최근 2.5초 안정 유지 표본 없음"", ""빠른 수직 접근"", ""평행 주행 아님"", ""다른 머리 간섭 가능""]",parallel_offset_t3_rebuild,1002-11dad5e1,/home/datawave/Work_AI/슬리더/runs/t3_20261002_115616/slp_06_box.json.gz,straight
424,37.9,19.014150943396228,58.3717817423833,1.457630798987072,0.5094670456761053,excluded_death,1,t3_20261002_120229,103.821,16,5.833333333333333,cruise_speed,0,1.457630798987072,1.457630798987072,0.07900000000000773,0.06300000000000239,1.457630798987072,58.3717817423833,58.344150055992635,"[""사망 전 추종 중 아님"", ""최근접 몸통이 추종 대상과 다름"", ""최근 2.5초 안정 유지 표본 없음"", ""빠른 수직 접근"", ""평행 주행 아님"", ""다른 머리 간섭 가능""]",parallel_offset_t3_rebuild,1002-11dad5e1,/home/datawave/Work_AI/슬리더/runs/t3_20261002_120229/slp_01_box.json.gz,gentle_curve
124,42,14.910377358490567,50.44543788482696,-6.464939473663609,1.5946013529799665,excluded_death,2,t3_20261002_120229,35.439,16,5.777777777777778,cruise_speed,0,-6.464939473663609,-6.464939473663609,0.06099999999999994,0.030999999999998806,-6.464939473663609,50.44543788482696,111.03067029506394,"[""사망 전 추종 중 아님"", ""최근 2.5초 안정 유지 표본 없음"", ""빠른 수직 접근"", ""평행 주행 아님"", ""접촉 구간 곡률 큼"", ""다른 머리 간섭 가능""]",parallel_offset_t3_rebuild,1002-11dad5e1,/home/datawave/Work_AI/슬리더/runs/t3_20261002_120229/slp_02_box.json.gz,gentle_curve
332,26.9,14.910377358490567,37.898185691057975,-3.912191667432591,-1.738602216733118,excluded_death,3,t3_20261002_120229,28.578,16,5.79,cruise_speed,0,-3.912191667432591,-3.912191667432591,0.022000000000002018,0.028999999999999915,-3.912191667432591,37.898185691057975,265.6473723092304,"[""사망 전 추종 중 아님"", ""최근접 몸통이 추종 대상과 다름"", ""최근 2.5초 안정 유지 표본 없음""]",parallel_offset_t3_rebuild,1002-11dad5e1,/home/datawave/Work_AI/슬리더/runs/t3_20261002_120229/slp_03_box.json.gz,straight
364,36.4,16.68867924528302,51.126335005426,-1.9623442398570177,-2.6365374647028013,excluded_death,4,t3_20261002_120229,62.483,16,5.833333333333333,cruise_speed,0,-1.9623442398570177,-1.9623442398570177,0.017000000000003013,0.021999999999998465,-1.9623442398570177,51.126335005426,359.3973484110369,"[""사망 전 추종 중 아님"", ""최근 2.5초 안정 유지 표본 없음"", ""빠른 수직 접근"", ""평행 주행 아님"", ""접촉 구간 곡률 큼""]",parallel_offset_t3_rebuild,1002-11dad5e1,/home/datawave/Work_AI/슬리더/runs/t3_20261002_120229/slp_04_box.json.gz,gentle_curve
